'Customer ID',Recency,Frequency,MonetaryValue,Recency_score,Frequency_score,Monetary_score,cluster,ChurnRisk_description
16050,169,3,300.7,3,3,2,cluster5,'Médio Risco'
13987,375,2,682.54,2,2,3,cluster3,'Médio Risco'
15724,196,3,310.85,2,3,2,cluster5,'Médio Risco'
14737,124,3,3471.37,3,3,5,cluster5,'Baixo Risco'
15379,165,8,4877.84,3,4,5,cluster2,'Baixo Risco'
17702,25,6,3144.04,4,4,5,cluster1,'Muito Baixo Risco'
12914,396,1,223.98,2,1,1,cluster3,'Alto Risco'
13258,7,5,1035.18,5,4,3,cluster1,'Muito Baixo Risco'
14447,14,6,1711.73,5,4,4,cluster1,'Muito Baixo Risco'
17286,17,3,395.48,5,3,2,cluster5,'Baixo Risco'
17977,24,2,1565.63,4,2,4,cluster4,'Baixo Risco'
13303,395,1,61.72,2,1,1,cluster3,'Alto Risco'
13172,395,1,69.6,2,1,1,cluster3,'Alto Risco'
13660,395,1,314.59,2,1,2,cluster3,'Alto Risco'
13903,395,1,165.45,2,1,1,cluster3,'Alto Risco'
16228,380,3,890.81,2,3,3,cluster5,'Médio Risco'
13846,20,4,1307.79,4,3,4,cluster5,'Baixo Risco'
13646,395,2,326.25,2,2,2,cluster3,'Alto Risco'
13996,381,2,895.76,2,2,3,cluster3,'Médio Risco'
15560,393,2,153.52,2,2,1,cluster3,'Alto Risco'
16640,393,1,179.4,2,1,1,cluster3,'Alto Risco'
18083,393,1,470.73,2,1,2,cluster3,'Alto Risco'
17033,81,4,1332.79,3,3,4,cluster5,'Baixo Risco'
16931,1,23,4839.56,5,5,5,cluster1,'Muito Baixo Risco'
14203,392,1,339.34,2,1,2,cluster3,'Alto Risco'
16559,392,1,185.2,2,1,1,cluster3,'Alto Risco'
16899,3,8,1721.02,5,4,4,cluster1,'Muito Baixo Risco'
15996,83,7,1686.9,3,4,4,cluster2,'Baixo Risco'
12892,392,1,263.38,2,1,1,cluster3,'Alto Risco'
13138,17,7,1467.24,5,4,4,cluster1,'Muito Baixo Risco'
14927,392,1,308.2,2,1,2,cluster3,'Alto Risco'
14193,63,3,1210.19,3,3,3,cluster5,'Médio Risco'
13967,141,2,166.3,3,2,1,cluster4,'Médio Risco'
17084,30,3,5202.97,4,3,5,cluster5,'Baixo Risco'
16420,391,1,75,2,1,1,cluster3,'Alto Risco'
13738,391,1,440.93,2,1,2,cluster3,'Alto Risco'
17548,229,4,731.26,2,3,3,cluster5,'Médio Risco'
18098,391,1,550.84,2,1,2,cluster3,'Alto Risco'
13691,391,1,212.78,2,1,1,cluster3,'Alto Risco'
15635,391,1,100.35,2,1,1,cluster3,'Alto Risco'
17274,30,2,577.38,4,2,2,cluster4,'Baixo Risco'
16223,370,2,1102.35,2,2,3,cluster3,'Médio Risco'
17208,391,1,115.35,2,1,1,cluster3,'Alto Risco'
17467,391,1,102.6,2,1,1,cluster3,'Alto Risco'
17983,390,1,171.71,2,1,1,cluster3,'Alto Risco'
16740,390,1,236.81,2,1,1,cluster3,'Alto Risco'
17878,39,3,1412.33,4,3,4,cluster5,'Baixo Risco'
14170,371,3,597.33,2,3,2,cluster5,'Médio Risco'
14899,390,1,1384.88,2,1,4,cluster3,'Médio Risco'
14077,36,6,615.08,4,4,3,cluster1,'Baixo Risco'
17374,214,3,727.11,2,3,3,cluster5,'Médio Risco'
13721,31,2,741.54,4,2,3,cluster4,'Baixo Risco'
12927,390,1,197.31,2,1,1,cluster3,'Alto Risco'
13671,390,1,194.95,2,1,1,cluster3,'Alto Risco'
16358,59,4,2486.49,4,3,4,cluster5,'Baixo Risco'
15131,390,1,80.28,2,1,1,cluster3,'Alto Risco'
17756,371,3,733.7,2,3,3,cluster5,'Médio Risco'
15001,389,2,230.86,2,2,1,cluster3,'Alto Risco'
13096,389,1,419.7,2,1,2,cluster3,'Alto Risco'
15529,18,12,5111.95,5,5,5,cluster1,'Muito Baixo Risco'
12739,74,4,2726.73,3,3,4,cluster5,'Baixo Risco'
15028,3,6,1157.71,5,4,3,cluster1,'Muito Baixo Risco'
17288,4,11,2499.98,5,5,4,cluster1,'Muito Baixo Risco'
13915,389,1,70.8,2,1,1,cluster3,'Alto Risco'
17903,389,1,381.09,2,1,2,cluster3,'Alto Risco'
18280,273,2,488.15,2,2,2,cluster3,'Alto Risco'
15368,16,2,722.74,5,2,3,cluster4,'Baixo Risco'
12666,389,1,1248.42,2,1,4,cluster3,'Médio Risco'
16662,389,1,163.8,2,1,1,cluster3,'Alto Risco'
16786,389,1,51.84,2,1,1,cluster3,'Alto Risco'
15138,389,1,502.52,2,1,2,cluster3,'Alto Risco'
17688,389,1,304.2,2,1,2,cluster3,'Alto Risco'
16824,11,3,686.24,5,3,3,cluster5,'Baixo Risco'
17423,41,3,1118.95,4,3,3,cluster5,'Baixo Risco'
16284,26,3,1029.77,4,3,3,cluster5,'Baixo Risco'
13226,268,2,312.46,2,2,2,cluster3,'Alto Risco'
17558,388,1,259.17,2,1,1,cluster3,'Alto Risco'
17815,388,1,591.96,2,1,2,cluster3,'Alto Risco'
17980,161,4,1033.42,3,3,3,cluster5,'Médio Risco'
12803,388,1,1092.81,2,1,3,cluster3,'Alto Risco'
18050,354,2,412.06,2,2,2,cluster3,'Alto Risco'
14600,301,2,865.17,2,2,3,cluster3,'Médio Risco'
18054,388,1,176.5,2,1,1,cluster3,'Alto Risco'
15468,46,3,1430.48,4,3,4,cluster5,'Baixo Risco'
12868,181,8,2247.06,3,4,4,cluster2,'Baixo Risco'
12352,31,10,2849.84,4,5,4,cluster1,'Muito Baixo Risco'
18007,388,1,220.32,2,1,1,cluster3,'Alto Risco'
17772,6,3,384.77,5,3,2,cluster5,'Baixo Risco'
14082,360,2,413.36,2,2,2,cluster3,'Alto Risco'
13309,2,6,1706.37,5,4,4,cluster1,'Muito Baixo Risco'
17210,388,1,253.37,2,1,1,cluster3,'Alto Risco'
12734,348,3,639.65,2,3,3,cluster5,'Médio Risco'
17803,387,1,184.66,2,1,1,cluster3,'Alto Risco'
13961,387,1,538.4,2,1,2,cluster3,'Alto Risco'
14024,117,3,645.74,3,3,3,cluster5,'Médio Risco'
14052,15,2,480.81,5,2,2,cluster4,'Baixo Risco'
16687,386,1,157.63,2,1,1,cluster3,'Alto Risco'
17495,3,3,806.72,5,3,3,cluster5,'Baixo Risco'
15269,19,3,1225.36,5,3,3,cluster5,'Baixo Risco'
13167,14,5,1125.15,5,4,3,cluster1,'Muito Baixo Risco'
16074,385,1,265.25,2,1,1,cluster3,'Alto Risco'
14684,21,6,1468.55,4,4,4,cluster1,'Muito Baixo Risco'
17544,385,3,960.69,2,3,3,cluster5,'Médio Risco'
18221,17,6,1424.94,5,4,4,cluster1,'Muito Baixo Risco'
14559,385,1,75.6,2,1,1,cluster3,'Alto Risco'
15726,385,1,321.91,2,1,2,cluster3,'Alto Risco'
14382,21,2,1246.8,4,2,4,cluster4,'Baixo Risco'
14784,21,3,449.93,4,3,2,cluster5,'Baixo Risco'
17992,385,1,254.13,2,1,1,cluster3,'Alto Risco'
14526,384,1,262.4,2,1,1,cluster3,'Alto Risco'
12991,18,3,764.82,5,3,3,cluster5,'Baixo Risco'
13862,13,9,2556.09,5,5,4,cluster1,'Muito Baixo Risco'
17106,384,1,491.23,2,1,2,cluster3,'Alto Risco'
13094,16,13,2433.12,5,5,4,cluster1,'Muito Baixo Risco'
17633,26,7,2057.39,4,4,4,cluster1,'Muito Baixo Risco'
16399,14,3,641.82,5,3,3,cluster5,'Baixo Risco'
17170,369,2,178.68,2,2,1,cluster3,'Alto Risco'
18084,11,3,812.93,5,3,3,cluster5,'Baixo Risco'
16602,31,2,763.33,4,2,3,cluster4,'Baixo Risco'
14189,11,15,5512.83,5,5,5,cluster1,'Muito Baixo Risco'
12357,28,3,18287.66,4,3,5,cluster5,'Baixo Risco'
12616,90,3,1131.1,3,3,3,cluster5,'Médio Risco'
16083,96,4,2351.42,3,3,4,cluster5,'Baixo Risco'
14675,12,2,1066.9,5,2,3,cluster4,'Baixo Risco'
15235,213,16,2937.81,2,5,5,cluster2,'Baixo Risco'
17203,31,10,5575.88,4,5,5,cluster1,'Muito Baixo Risco'
15968,384,1,418.05,2,1,2,cluster3,'Alto Risco'
13624,383,1,462.08,2,1,2,cluster3,'Alto Risco'
13458,2,16,11959.27,5,5,5,cluster1,'Muito Baixo Risco'
13789,383,1,239.46,2,1,1,cluster3,'Alto Risco'
15161,383,1,119.92,2,1,1,cluster3,'Alto Risco'
15811,17,7,3890.52,5,4,5,cluster1,'Muito Baixo Risco'
13158,90,5,1508.18,3,4,4,cluster2,'Baixo Risco'
14192,383,1,293.74,2,1,2,cluster3,'Alto Risco'
16829,152,2,513.32,3,2,2,cluster4,'Médio Risco'
18256,383,1,110.7,2,1,1,cluster3,'Alto Risco'
13237,383,1,643,2,1,3,cluster3,'Alto Risco'
14417,383,1,604.2,2,1,2,cluster3,'Alto Risco'
16386,24,3,1102.59,4,3,3,cluster5,'Baixo Risco'
16006,207,2,347.17,2,2,2,cluster3,'Alto Risco'
13549,21,8,1005.8,4,4,3,cluster1,'Baixo Risco'
12847,17,2,1636.9,5,2,4,cluster4,'Baixo Risco'
14811,383,1,170.5,2,1,1,cluster3,'Alto Risco'
16224,52,5,1616.54,4,4,4,cluster1,'Muito Baixo Risco'
15515,382,1,171.81,2,1,1,cluster3,'Alto Risco'
17418,38,3,670.06,4,3,3,cluster5,'Baixo Risco'
12890,19,2,717.27,5,2,3,cluster4,'Baixo Risco'
18195,382,1,101.16,2,1,1,cluster3,'Alto Risco'
15649,331,4,2170.35,2,3,4,cluster5,'Médio Risco'
17995,277,3,495.48,2,3,2,cluster5,'Médio Risco'
16250,256,3,791.38,2,3,3,cluster5,'Médio Risco'
14405,382,1,195,2,1,1,cluster3,'Alto Risco'
14446,24,4,1044.22,4,3,3,cluster5,'Baixo Risco'
13864,382,1,662.4,2,1,3,cluster3,'Alto Risco'
14614,382,1,295.13,2,1,2,cluster3,'Alto Risco'
17355,381,1,285.11,2,1,1,cluster3,'Alto Risco'
16973,381,1,127,2,1,1,cluster3,'Alto Risco'
17659,12,14,3834.79,5,5,5,cluster1,'Muito Baixo Risco'
17089,381,1,128.45,2,1,1,cluster3,'Alto Risco'
18160,52,3,1003.88,4,3,3,cluster5,'Baixo Risco'
17868,381,1,234.65,2,1,1,cluster3,'Alto Risco'
17532,381,1,65.34,2,1,1,cluster3,'Alto Risco'
14932,361,2,1029.66,2,2,3,cluster3,'Médio Risco'
17269,381,1,537.46,2,1,2,cluster3,'Alto Risco'
16936,21,2,551.17,4,2,2,cluster4,'Baixo Risco'
16599,381,1,172.8,2,1,1,cluster3,'Alto Risco'
16885,10,4,710.74,5,3,3,cluster5,'Baixo Risco'
17433,83,2,569.96,3,2,2,cluster4,'Médio Risco'
17386,3,7,2812.77,5,4,4,cluster1,'Muito Baixo Risco'
18035,31,5,1276.74,4,4,4,cluster1,'Muito Baixo Risco'
15846,380,1,107.01,2,1,1,cluster3,'Alto Risco'
13124,85,4,4782.45,3,3,5,cluster5,'Baixo Risco'
16346,380,1,224.51,2,1,1,cluster3,'Alto Risco'
17648,56,5,2216.37,4,4,4,cluster1,'Muito Baixo Risco'
17493,380,1,100.91,2,1,1,cluster3,'Alto Risco'
12967,353,3,4306.92,2,3,5,cluster5,'Médio Risco'
12887,379,1,222.4,2,1,1,cluster3,'Alto Risco'
12728,66,5,1070.17,3,4,3,cluster2,'Baixo Risco'
12858,379,1,177.92,2,1,1,cluster3,'Alto Risco'
15155,379,1,383.97,2,1,2,cluster3,'Alto Risco'
16367,33,3,1362.4,4,3,4,cluster5,'Baixo Risco'
17275,378,1,114.52,2,1,1,cluster3,'Alto Risco'
16501,378,1,1237.23,2,1,4,cluster3,'Médio Risco'
12807,378,1,330.35,2,1,2,cluster3,'Alto Risco'
17036,378,1,176.9,2,1,1,cluster3,'Alto Risco'
15350,368,2,663.25,2,2,3,cluster3,'Médio Risco'
13550,378,1,349.51,2,1,2,cluster3,'Alto Risco'
15634,12,2,554.65,5,2,2,cluster4,'Baixo Risco'
18210,5,6,2590.93,5,4,4,cluster1,'Muito Baixo Risco'
17782,378,2,679.02,2,2,3,cluster3,'Médio Risco'
13086,378,1,439.33,2,1,2,cluster3,'Alto Risco'
14419,6,7,1260.91,5,4,4,cluster1,'Muito Baixo Risco'
16424,186,2,443.06,3,2,2,cluster4,'Médio Risco'
16252,378,1,295.09,2,1,2,cluster3,'Alto Risco'
15525,13,3,981.01,5,3,3,cluster5,'Baixo Risco'
16765,289,2,454.75,2,2,2,cluster3,'Alto Risco'
14048,300,3,748.69,2,3,3,cluster5,'Médio Risco'
16812,356,4,2392,2,3,4,cluster5,'Médio Risco'
13651,30,3,226.85,4,3,1,cluster5,'Baixo Risco'
15986,25,2,354.42,4,2,2,cluster4,'Baixo Risco'
16821,377,1,113.35,2,1,1,cluster3,'Alto Risco'
17870,10,12,2843.24,5,5,4,cluster1,'Muito Baixo Risco'
17458,11,2,529.58,5,2,2,cluster4,'Baixo Risco'
17237,6,4,1002.08,5,3,3,cluster5,'Baixo Risco'
17570,377,1,100,2,1,1,cluster3,'Alto Risco'
17872,377,1,235.87,2,1,1,cluster3,'Alto Risco'
18047,377,2,342.69,2,2,2,cluster3,'Alto Risco'
14176,293,5,916.01,2,4,3,cluster2,'Médio Risco'
14252,376,1,350.99,2,1,2,cluster3,'Alto Risco'
18118,6,29,6733.22,5,5,5,cluster1,'Muito Baixo Risco'
12434,80,3,1103.43,3,3,3,cluster5,'Médio Risco'
17766,376,2,299.61,2,2,2,cluster3,'Alto Risco'
15864,17,7,2180.76,5,4,4,cluster1,'Muito Baixo Risco'
13181,376,1,359.69,2,1,2,cluster3,'Alto Risco'
14972,123,2,145.07,3,2,1,cluster4,'Médio Risco'
16001,376,1,583.39,2,1,2,cluster3,'Alto Risco'
17598,376,1,409.98,2,1,2,cluster3,'Alto Risco'
13843,376,1,319.75,2,1,2,cluster3,'Alto Risco'
15951,4,3,1013.17,5,3,3,cluster5,'Baixo Risco'
16357,28,4,868.37,4,3,3,cluster5,'Baixo Risco'
17744,21,6,1918.76,4,4,4,cluster1,'Muito Baixo Risco'
14458,376,1,237.42,2,1,1,cluster3,'Alto Risco'
18076,375,1,151.49,2,1,1,cluster3,'Alto Risco'
17601,234,2,421.48,2,2,2,cluster3,'Alto Risco'
15509,375,1,166.51,2,1,1,cluster3,'Alto Risco'
15902,375,1,145.01,2,1,1,cluster3,'Alto Risco'
16988,375,1,256.55,2,1,1,cluster3,'Alto Risco'
15987,7,8,1682.13,5,4,4,cluster1,'Muito Baixo Risco'
14721,375,1,115.77,2,1,1,cluster3,'Alto Risco'
16874,375,1,217.74,2,1,1,cluster3,'Alto Risco'
15020,374,1,203.42,2,1,1,cluster3,'Alto Risco'
14487,22,7,1453.61,4,4,4,cluster1,'Muito Baixo Risco'
15495,374,1,246.5,2,1,1,cluster3,'Alto Risco'
17989,374,1,228.83,2,1,1,cluster3,'Alto Risco'
14443,49,5,2386.47,4,4,4,cluster1,'Muito Baixo Risco'
17882,374,2,313.46,2,2,2,cluster3,'Alto Risco'
12385,374,1,1938.4,2,1,4,cluster3,'Médio Risco'
18161,10,6,1803.1,5,4,4,cluster1,'Muito Baixo Risco'
15961,374,1,451.29,2,1,2,cluster3,'Alto Risco'
13626,248,2,707.04,2,2,3,cluster3,'Médio Risco'
14627,374,1,462.75,2,1,2,cluster3,'Alto Risco'
12961,374,1,211.99,2,1,1,cluster3,'Alto Risco'
17556,201,2,300.67,2,2,2,cluster3,'Alto Risco'
18031,374,1,462.1,2,1,2,cluster3,'Alto Risco'
17283,374,1,188.46,2,1,1,cluster3,'Alto Risco'
17516,10,6,957.55,5,4,3,cluster1,'Muito Baixo Risco'
12538,24,2,640.45,4,2,3,cluster4,'Baixo Risco'
17999,32,3,730.9,4,3,3,cluster5,'Baixo Risco'
16262,373,1,755.15,2,1,3,cluster3,'Alto Risco'
15914,373,2,205.99,2,2,1,cluster3,'Alto Risco'
15212,236,2,208.28,2,2,1,cluster3,'Alto Risco'
15037,372,2,402.51,2,2,2,cluster3,'Alto Risco'
17607,372,1,333.81,2,1,2,cluster3,'Alto Risco'
15583,371,1,107.86,2,1,1,cluster3,'Alto Risco'
18003,371,1,358.61,2,1,2,cluster3,'Alto Risco'
16893,362,2,401.77,2,2,2,cluster3,'Alto Risco'
13254,371,1,51.41,2,1,1,cluster3,'Alto Risco'
12996,371,1,355.5,2,1,2,cluster3,'Alto Risco'
12767,371,1,949.82,2,1,3,cluster3,'Alto Risco'
17722,91,5,4430.36,3,4,5,cluster2,'Baixo Risco'
17723,122,7,3378.4,3,4,5,cluster2,'Baixo Risco'
16545,160,2,689.82,3,2,3,cluster4,'Médio Risco'
15404,371,1,257.06,2,1,1,cluster3,'Alto Risco'
15540,6,2,460.68,5,2,2,cluster4,'Baixo Risco'
17671,11,5,2403.34,5,4,4,cluster1,'Muito Baixo Risco'
18034,17,3,793.7,5,3,3,cluster5,'Baixo Risco'
16413,52,2,528.98,4,2,2,cluster4,'Baixo Risco'
16194,370,1,308.6,2,1,2,cluster3,'Alto Risco'
17912,305,6,375.5,2,4,2,cluster2,'Médio Risco'
16355,370,1,416.35,2,1,2,cluster3,'Alto Risco'
12351,370,1,300.93,2,1,2,cluster3,'Alto Risco'
15828,370,1,1108.82,2,1,3,cluster3,'Alto Risco'
17223,305,3,873.53,2,3,3,cluster5,'Médio Risco'
17468,5,3,194.8,5,3,1,cluster5,'Baixo Risco'
13955,149,3,545.17,3,3,2,cluster5,'Médio Risco'
14414,87,8,2399.33,3,4,4,cluster2,'Baixo Risco'
15939,85,16,9060.39,3,5,5,cluster2,'Baixo Risco'
17826,369,1,134.59,2,1,1,cluster3,'Alto Risco'
16473,160,4,470.83,3,3,2,cluster5,'Médio Risco'
17820,369,1,183.56,2,1,1,cluster3,'Alto Risco'
17378,369,1,10.95,2,1,1,cluster3,'Alto Risco'
16552,238,2,475.02,2,2,2,cluster3,'Alto Risco'
15922,368,1,739,2,1,3,cluster3,'Alto Risco'
14594,2,2,634.83,5,2,3,cluster4,'Baixo Risco'
15165,368,1,975.5,2,1,3,cluster3,'Alto Risco'
16274,368,1,715.9,2,1,3,cluster3,'Alto Risco'
12947,139,6,1908.03,3,4,4,cluster2,'Baixo Risco'
17855,368,1,417.94,2,1,2,cluster3,'Alto Risco'
17925,368,1,488.16,2,1,2,cluster3,'Alto Risco'
16244,207,2,2579.38,2,2,4,cluster3,'Médio Risco'
14491,170,2,468.13,3,2,2,cluster4,'Médio Risco'
15923,368,1,254.16,2,1,1,cluster3,'Alto Risco'
16752,368,1,415,2,1,2,cluster3,'Alto Risco'
17964,27,2,733.46,4,2,3,cluster4,'Baixo Risco'
17976,367,1,706.38,2,1,3,cluster3,'Alto Risco'
14775,53,3,1418.46,4,3,4,cluster5,'Baixo Risco'
13011,367,1,101.1,2,1,1,cluster3,'Alto Risco'
14576,367,1,70.8,2,1,1,cluster3,'Alto Risco'
12738,367,1,310.7,2,1,2,cluster3,'Alto Risco'
12686,367,1,178.28,2,1,1,cluster3,'Alto Risco'
13370,367,1,1509.74,2,1,4,cluster3,'Médio Risco'
12427,17,3,1129.3,5,3,3,cluster5,'Baixo Risco'
14589,367,1,79.5,2,1,1,cluster3,'Alto Risco'
17787,148,4,2601.47,3,3,4,cluster5,'Baixo Risco'
17198,19,3,1213.88,5,3,3,cluster5,'Baixo Risco'
15545,49,2,428.05,4,2,2,cluster4,'Baixo Risco'
18156,8,2,941.17,5,2,3,cluster4,'Baixo Risco'
15880,365,1,686.56,2,1,3,cluster3,'Alto Risco'
16402,260,2,511.4,2,2,2,cluster3,'Alto Risco'
15894,248,2,420.29,2,2,2,cluster3,'Alto Risco'
12763,133,2,814.16,3,2,3,cluster4,'Médio Risco'
17674,69,2,851.7,3,2,3,cluster4,'Médio Risco'
15899,364,1,112.5,2,1,1,cluster3,'Alto Risco'
15919,15,2,910.61,5,2,3,cluster4,'Baixo Risco'
15048,60,4,482.75,3,3,2,cluster5,'Médio Risco'
18113,364,1,152.64,2,1,1,cluster3,'Alto Risco'
13030,6,2,1227.22,5,2,3,cluster4,'Baixo Risco'
15018,34,3,607.46,4,3,2,cluster5,'Baixo Risco'
18119,363,1,362.24,2,1,2,cluster3,'Alto Risco'
12386,333,2,660.8,2,2,3,cluster3,'Médio Risco'
12441,362,1,347.1,2,1,2,cluster3,'Alto Risco'
18043,20,3,875.97,4,3,3,cluster5,'Baixo Risco'
18269,361,1,337.2,2,1,2,cluster3,'Alto Risco'
13270,361,1,1180,2,1,3,cluster3,'Alto Risco'
12942,126,3,942.65,3,3,3,cluster5,'Médio Risco'
13369,361,1,616.56,2,1,3,cluster3,'Alto Risco'
15211,55,2,1277.48,4,2,4,cluster4,'Baixo Risco'
15881,307,5,501.39,2,4,2,cluster2,'Médio Risco'
14448,4,2,375.35,5,2,2,cluster4,'Baixo Risco'
12753,18,6,21429.39,5,4,5,cluster1,'Muito Baixo Risco'
17917,40,3,341.28,4,3,2,cluster5,'Baixo Risco'
18004,357,1,169.47,2,1,1,cluster3,'Alto Risco'
16665,357,1,135.4,2,1,1,cluster3,'Alto Risco'
17937,4,7,4301.22,5,4,5,cluster1,'Muito Baixo Risco'
16927,111,3,543.05,3,3,2,cluster5,'Médio Risco'
17303,356,1,250.04,2,1,1,cluster3,'Alto Risco'
17890,318,2,602.09,2,2,2,cluster3,'Alto Risco'
14150,31,2,658.64,4,2,3,cluster4,'Baixo Risco'
13496,6,2,653.33,5,2,3,cluster4,'Baixo Risco'
13221,235,2,847.41,2,2,3,cluster3,'Médio Risco'
17551,354,1,306.84,2,1,2,cluster3,'Alto Risco'
17214,55,6,1069.12,4,4,3,cluster1,'Baixo Risco'
17752,354,1,80.64,2,1,1,cluster3,'Alto Risco'
14373,353,1,76.55,2,1,1,cluster3,'Alto Risco'
18176,353,1,476.35,2,1,2,cluster3,'Alto Risco'
16816,98,4,417.06,3,3,2,cluster5,'Médio Risco'
14985,193,2,296.75,3,2,2,cluster4,'Médio Risco'
12551,353,1,168,2,1,1,cluster3,'Alto Risco'
15780,179,3,475.28,3,3,2,cluster5,'Médio Risco'
15204,352,1,316.58,2,1,2,cluster3,'Alto Risco'
12944,31,2,604.51,4,2,2,cluster4,'Baixo Risco'
15460,349,1,216.76,2,1,1,cluster3,'Alto Risco'
16270,348,1,1141.24,2,1,3,cluster3,'Alto Risco'
12515,348,1,383.7,2,1,2,cluster3,'Alto Risco'
12383,180,5,1850.56,3,4,4,cluster2,'Baixo Risco'
13817,24,2,382.98,4,2,2,cluster4,'Baixo Risco'
12585,229,2,2040.1,2,2,4,cluster3,'Médio Risco'
16112,138,4,195.74,3,3,1,cluster5,'Médio Risco'
15464,333,1,1048.85,2,1,3,cluster3,'Alto Risco'
17634,32,9,2361.97,4,5,4,cluster1,'Muito Baixo Risco'
12735,310,2,779.57,2,2,3,cluster3,'Médio Risco'
16567,189,2,865.6,3,2,3,cluster4,'Médio Risco'
12501,332,1,2169.39,2,1,4,cluster3,'Médio Risco'
15139,235,2,178.96,2,2,1,cluster3,'Alto Risco'
12489,332,1,334.93,2,1,2,cluster3,'Alto Risco'
18198,26,16,5107.11,4,5,5,cluster1,'Muito Baixo Risco'
14889,331,1,135.9,2,1,1,cluster3,'Alto Risco'
17114,1,8,808.62,5,4,3,cluster1,'Muito Baixo Risco'
17128,330,1,157.09,2,1,1,cluster3,'Alto Risco'
17800,33,9,1199.01,4,5,3,cluster1,'Muito Baixo Risco'
18032,329,1,73.5,2,1,1,cluster3,'Alto Risco'
16850,329,1,332.41,2,1,2,cluster3,'Alto Risco'
12736,328,1,234,2,1,1,cluster3,'Alto Risco'
15749,230,3,44534.3,2,3,5,cluster5,'Médio Risco'
17569,327,1,344.14,2,1,2,cluster3,'Alto Risco'
14270,327,1,492.65,2,1,2,cluster3,'Alto Risco'
14587,14,9,1601.14,5,5,4,cluster1,'Muito Baixo Risco'
14185,326,1,197.65,2,1,1,cluster3,'Alto Risco'
15171,326,1,1289.5,2,1,4,cluster3,'Médio Risco'
13284,326,1,201.19,2,1,1,cluster3,'Alto Risco'
15835,39,4,954.09,4,3,3,cluster5,'Baixo Risco'
15510,326,1,250,2,1,1,cluster3,'Alto Risco'
15687,4,9,2993.1,5,5,5,cluster1,'Muito Baixo Risco'
13385,325,1,534.57,2,1,2,cluster3,'Alto Risco'
15213,314,2,328.35,2,2,2,cluster3,'Alto Risco'
15033,21,9,2418.87,4,5,4,cluster1,'Muito Baixo Risco'
17064,54,3,859.35,4,3,3,cluster5,'Baixo Risco'
12626,18,9,6620.48,5,5,5,cluster1,'Muito Baixo Risco'
14976,52,7,790.86,4,4,3,cluster1,'Baixo Risco'
15316,322,1,165,2,1,1,cluster3,'Alto Risco'
18233,321,1,440,2,1,2,cluster3,'Alto Risco'
14242,230,2,280.55,2,2,1,cluster3,'Alto Risco'
16997,283,3,702,2,3,3,cluster5,'Médio Risco'
15395,321,1,107.45,2,1,1,cluster3,'Alto Risco'
14428,2,5,1244.83,5,4,4,cluster1,'Muito Baixo Risco'
14090,320,1,76.32,2,1,1,cluster3,'Alto Risco'
15831,54,3,801.76,4,3,3,cluster5,'Baixo Risco'
14779,276,3,386.15,2,3,2,cluster5,'Médio Risco'
16618,26,5,2647.59,4,4,4,cluster1,'Muito Baixo Risco'
17277,223,2,1065.35,2,2,3,cluster3,'Médio Risco'
13742,12,12,3131.02,5,5,5,cluster1,'Muito Baixo Risco'
13068,5,2,344,5,2,2,cluster4,'Baixo Risco'
14368,315,1,155,2,1,1,cluster3,'Alto Risco'
12559,306,2,561.71,2,2,2,cluster3,'Alto Risco'
14501,179,2,251.21,3,2,1,cluster4,'Médio Risco'
14782,315,1,200.1,2,1,1,cluster3,'Alto Risco'
15820,315,1,206.98,2,1,1,cluster3,'Alto Risco'
13396,24,2,1360.99,4,2,4,cluster4,'Baixo Risco'
16730,47,3,743.11,4,3,3,cluster5,'Baixo Risco'
15052,314,1,215.78,2,1,1,cluster3,'Alto Risco'
13837,207,2,271.24,2,2,1,cluster3,'Alto Risco'
17118,313,1,157.02,2,1,1,cluster3,'Alto Risco'
13098,5,25,26516.68,5,5,5,cluster1,'Muito Baixo Risco'
17786,81,2,278.74,3,2,1,cluster4,'Médio Risco'
16882,62,3,705.12,3,3,3,cluster5,'Médio Risco'
12764,312,1,1693.88,2,1,4,cluster3,'Médio Risco'
16949,36,5,1204.23,4,4,3,cluster1,'Baixo Risco'
18125,25,4,1142.99,4,3,3,cluster5,'Baixo Risco'
13328,311,1,1308.48,2,1,4,cluster3,'Médio Risco'
12574,311,1,218.45,2,1,1,cluster3,'Alto Risco'
14659,4,9,2529.93,5,5,4,cluster1,'Muito Baixo Risco'
16897,294,2,289.78,2,2,2,cluster3,'Alto Risco'
15415,308,1,572.81,2,1,2,cluster3,'Alto Risco'
17431,308,1,403.3,2,1,2,cluster3,'Alto Risco'
14502,15,11,2470.67,5,5,4,cluster1,'Muito Baixo Risco'
12528,4,6,1933.48,5,4,4,cluster1,'Muito Baixo Risco'
16403,307,1,177.5,2,1,1,cluster3,'Alto Risco'
17619,307,1,218.52,2,1,1,cluster3,'Alto Risco'
16745,82,17,7194.3,3,5,5,cluster2,'Baixo Risco'
13606,24,3,280.54,4,3,1,cluster5,'Baixo Risco'
13494,307,1,316.26,2,1,2,cluster3,'Alto Risco'
12929,307,1,117.85,2,1,1,cluster3,'Alto Risco'
18202,195,3,1396.99,2,3,4,cluster5,'Médio Risco'
15940,306,1,35.8,2,1,1,cluster3,'Alto Risco'
14457,306,1,113.64,2,1,1,cluster3,'Alto Risco'
15589,251,3,478.53,2,3,2,cluster5,'Médio Risco'
14411,306,1,1063,2,1,3,cluster3,'Alto Risco'
15226,306,1,154.41,2,1,1,cluster3,'Alto Risco'
16378,242,3,362.95,2,3,2,cluster5,'Médio Risco'
13894,19,3,564.62,5,3,2,cluster5,'Baixo Risco'
18250,305,1,349.27,2,1,2,cluster3,'Alto Risco'
14188,26,6,2054.36,4,4,4,cluster1,'Muito Baixo Risco'
17446,172,2,120.9,3,2,1,cluster4,'Médio Risco'
12350,305,1,334.4,2,1,2,cluster3,'Alto Risco'
17337,146,4,2027.87,3,3,4,cluster5,'Baixo Risco'
16405,297,2,167.25,2,2,1,cluster3,'Alto Risco'
12502,91,5,3723.87,3,4,5,cluster2,'Baixo Risco'
16333,3,22,26626.8,5,5,5,cluster1,'Muito Baixo Risco'
16030,305,1,331.24,2,1,2,cluster3,'Alto Risco'
12464,5,8,1212.05,5,4,3,cluster1,'Muito Baixo Risco'
17507,257,2,605.58,2,2,2,cluster3,'Alto Risco'
12754,231,3,3010.74,2,3,5,cluster5,'Médio Risco'
14778,122,2,730.86,3,2,3,cluster4,'Médio Risco'
17517,304,1,153.94,2,1,1,cluster3,'Alto Risco'
13725,45,8,1980.56,4,4,4,cluster1,'Muito Baixo Risco'
17291,304,1,550.8,2,1,2,cluster3,'Alto Risco'
15090,303,1,381.32,2,1,2,cluster3,'Alto Risco'
14842,39,4,2824.69,4,3,4,cluster5,'Baixo Risco'
17105,154,2,665.78,3,2,3,cluster4,'Médio Risco'
14438,301,1,131.9,2,1,1,cluster3,'Alto Risco'
15781,20,3,345.46,4,3,2,cluster5,'Baixo Risco'
17302,10,5,1135.63,5,4,3,cluster1,'Muito Baixo Risco'
17613,18,14,4559.15,5,5,5,cluster1,'Muito Baixo Risco'
17162,24,10,1715.46,4,5,4,cluster1,'Muito Baixo Risco'
15407,29,4,1056.44,4,3,3,cluster5,'Baixo Risco'
17859,300,1,148.21,2,1,1,cluster3,'Alto Risco'
15753,300,1,79.2,2,1,1,cluster3,'Alto Risco'
16951,130,3,1277.75,3,3,4,cluster5,'Baixo Risco'
17881,299,1,133.35,2,1,1,cluster3,'Alto Risco'
15843,299,1,118.95,2,1,1,cluster3,'Alto Risco'
17537,25,2,897.62,4,2,3,cluster4,'Baixo Risco'
12401,298,1,84.3,2,1,1,cluster3,'Alto Risco'
12462,14,2,1189.59,5,2,3,cluster4,'Baixo Risco'
12561,298,1,238.85,2,1,1,cluster3,'Alto Risco'
16425,297,1,302.7,2,1,2,cluster3,'Alto Risco'
16842,96,3,1264.19,3,3,4,cluster5,'Baixo Risco'
18159,296,1,530.15,2,1,2,cluster3,'Alto Risco'
13171,17,3,468.41,5,3,2,cluster5,'Baixo Risco'
16084,294,1,436.18,2,1,2,cluster3,'Alto Risco'
15236,294,1,321.05,2,1,2,cluster3,'Alto Risco'
13475,186,4,1431.78,3,3,4,cluster5,'Baixo Risco'
16738,293,1,3.75,2,1,1,cluster3,'Alto Risco'
13893,293,1,821.1,2,1,3,cluster3,'Alto Risco'
16431,208,3,642.81,2,3,3,cluster5,'Médio Risco'
16073,292,1,122.4,2,1,1,cluster3,'Alto Risco'
14760,292,1,89.2,2,1,1,cluster3,'Alto Risco'
16509,292,1,363.7,2,1,2,cluster3,'Alto Risco'
14386,292,1,142.4,2,1,1,cluster3,'Alto Risco'
12372,67,3,1298.04,3,3,4,cluster5,'Baixo Risco'
16494,292,1,826.53,2,1,3,cluster3,'Alto Risco'
14959,59,4,695.42,4,3,3,cluster5,'Baixo Risco'
17175,39,4,1443.69,4,3,4,cluster5,'Baixo Risco'
13718,241,2,306.55,2,2,2,cluster3,'Alto Risco'
12654,6,5,601.98,5,4,2,cluster1,'Muito Baixo Risco'
18138,290,1,152.65,2,1,1,cluster3,'Alto Risco'
14371,290,1,100.5,2,1,1,cluster3,'Alto Risco'
12852,290,1,311.55,2,1,2,cluster3,'Alto Risco'
13489,100,4,449.52,3,3,2,cluster5,'Médio Risco'
13904,32,2,332.64,4,2,2,cluster4,'Baixo Risco'
13932,290,1,307.4,2,1,2,cluster3,'Alto Risco'
13951,171,3,674.45,3,3,3,cluster5,'Médio Risco'
16566,10,5,614.66,5,4,3,cluster1,'Muito Baixo Risco'
14162,169,2,289.36,3,2,2,cluster4,'Médio Risco'
13301,99,4,618.09,3,3,3,cluster5,'Médio Risco'
14803,157,3,845.55,3,3,3,cluster5,'Médio Risco'
13744,90,2,1156.36,3,2,3,cluster4,'Médio Risco'
12988,287,1,535.32,2,1,2,cluster3,'Alto Risco'
12707,287,1,603.42,2,1,2,cluster3,'Alto Risco'
18155,70,3,371.62,3,3,2,cluster5,'Médio Risco'
15146,160,2,1327.16,3,2,4,cluster4,'Médio Risco'
12365,286,2,641.38,2,2,3,cluster3,'Médio Risco'
14520,286,1,165,2,1,1,cluster3,'Alto Risco'
13038,75,3,908.46,3,3,3,cluster5,'Médio Risco'
16349,286,1,53.5,2,1,1,cluster3,'Alto Risco'
18114,285,1,220.1,2,1,1,cluster3,'Alto Risco'
12845,262,4,354.09,2,3,2,cluster5,'Médio Risco'
16573,80,2,663.61,3,2,3,cluster4,'Médio Risco'
13184,10,10,1701.29,5,5,4,cluster1,'Muito Baixo Risco'
15397,285,1,94,2,1,1,cluster3,'Alto Risco'
16394,52,5,1555.34,4,4,4,cluster1,'Muito Baixo Risco'
17711,6,2,385.1,5,2,2,cluster4,'Baixo Risco'
13865,53,4,501.56,4,3,2,cluster5,'Baixo Risco'
14289,4,6,911.26,5,4,3,cluster1,'Muito Baixo Risco'
13149,10,4,1676.06,5,3,4,cluster5,'Muito Baixo Risco'
18068,284,1,101.7,2,1,1,cluster3,'Alto Risco'
15932,83,7,2195.65,3,4,4,cluster2,'Baixo Risco'
15974,35,7,3442.15,4,4,5,cluster1,'Muito Baixo Risco'
17830,257,2,287.65,2,2,2,cluster3,'Alto Risco'
12565,284,1,145.92,2,1,1,cluster3,'Alto Risco'
14880,72,3,706.19,3,3,3,cluster5,'Médio Risco'
15121,45,2,457.72,4,2,2,cluster4,'Baixo Risco'
17117,283,1,116.2,2,1,1,cluster3,'Alto Risco'
13751,283,1,296.25,2,1,2,cluster3,'Alto Risco'
13345,283,1,389.5,2,1,2,cluster3,'Alto Risco'
13973,282,1,264.7,2,1,1,cluster3,'Alto Risco'
13493,270,2,618.63,2,2,3,cluster3,'Médio Risco'
13261,264,2,944.1,2,2,3,cluster3,'Médio Risco'
16598,281,1,145.05,2,1,1,cluster3,'Alto Risco'
13630,71,6,1799.78,3,4,4,cluster2,'Baixo Risco'
13636,32,5,949.12,4,4,3,cluster1,'Baixo Risco'
12781,59,2,826.74,4,2,3,cluster4,'Baixo Risco'
14036,280,1,626.65,2,1,3,cluster3,'Alto Risco'
13675,147,2,486.82,3,2,2,cluster4,'Médio Risco'
16667,63,2,570.13,3,2,2,cluster4,'Médio Risco'
16187,27,15,6911.44,4,5,5,cluster1,'Muito Baixo Risco'
16339,279,1,109.95,2,1,1,cluster3,'Alto Risco'
12509,279,1,176.5,2,1,1,cluster3,'Alto Risco'
14046,279,1,154.99,2,1,1,cluster3,'Alto Risco'
16427,258,2,241.06,2,2,1,cluster3,'Alto Risco'
14056,10,22,7789.63,5,5,5,cluster1,'Muito Baixo Risco'
15656,40,4,748.5,4,3,3,cluster5,'Baixo Risco'
17462,55,2,675.69,4,2,3,cluster4,'Baixo Risco'
14620,201,2,412.78,2,2,2,cluster3,'Alto Risco'
16462,69,3,136,3,3,1,cluster5,'Médio Risco'
12428,21,9,7956.46,4,5,5,cluster1,'Muito Baixo Risco'
15676,14,3,3435.76,5,3,5,cluster5,'Muito Baixo Risco'
12679,54,4,1113.02,4,3,3,cluster5,'Baixo Risco'
15319,279,1,204.5,2,1,1,cluster3,'Alto Risco'
16389,48,4,1382.07,4,3,4,cluster5,'Baixo Risco'
15733,278,1,162.3,2,1,1,cluster3,'Alto Risco'
16678,5,11,2786.05,5,5,4,cluster1,'Muito Baixo Risco'
12834,278,1,312.38,2,1,2,cluster3,'Alto Risco'
17770,194,5,1143.27,2,4,3,cluster2,'Médio Risco'
14473,69,2,234.34,3,2,1,cluster4,'Médio Risco'
15104,192,2,1027.44,3,2,3,cluster4,'Médio Risco'
15643,187,3,664,3,3,3,cluster5,'Médio Risco'
16217,230,2,304.25,2,2,2,cluster3,'Alto Risco'
16957,234,2,416.64,2,2,2,cluster3,'Alto Risco'
15087,277,1,306.94,2,1,2,cluster3,'Alto Risco'
17856,229,3,1142.63,2,3,3,cluster5,'Médio Risco'
15053,152,2,478.6,3,2,2,cluster4,'Médio Risco'
17652,21,12,4867.72,4,5,5,cluster1,'Muito Baixo Risco'
12541,25,3,981.18,4,3,3,cluster5,'Baixo Risco'
15220,47,6,1778.96,4,4,4,cluster1,'Muito Baixo Risco'
16449,193,2,707.69,3,2,3,cluster4,'Médio Risco'
14995,34,2,233.23,4,2,1,cluster4,'Médio Risco'
12584,13,8,2137.7,5,4,4,cluster1,'Muito Baixo Risco'
17535,275,1,164.4,2,1,1,cluster3,'Alto Risco'
14903,16,5,2810.63,5,4,4,cluster1,'Muito Baixo Risco'
18211,21,5,600.07,4,4,2,cluster1,'Baixo Risco'
14504,42,4,673.26,4,3,3,cluster5,'Baixo Risco'
15554,273,1,217.2,2,1,1,cluster3,'Alto Risco'
12614,273,1,315.6,2,1,2,cluster3,'Alto Risco'
13344,63,3,2543.72,3,3,4,cluster5,'Baixo Risco'
16621,47,4,813.48,4,3,3,cluster5,'Baixo Risco'
14214,26,5,1004.38,4,4,3,cluster1,'Baixo Risco'
14012,273,1,328.8,2,1,2,cluster3,'Alto Risco'
17654,272,1,117.55,2,1,1,cluster3,'Alto Risco'
16517,272,1,162.7,2,1,1,cluster3,'Alto Risco'
15234,272,1,197,2,1,1,cluster3,'Alto Risco'
15806,41,3,784.58,4,3,3,cluster5,'Baixo Risco'
14586,272,1,237.36,2,1,1,cluster3,'Alto Risco'
14407,102,6,2157.73,3,4,4,cluster2,'Baixo Risco'
13908,75,4,2369.55,3,3,4,cluster5,'Baixo Risco'
14730,60,7,1760.13,3,4,4,cluster2,'Baixo Risco'
14367,3,16,9261.52,5,5,5,cluster1,'Muito Baixo Risco'
16426,2,9,1663.23,5,5,4,cluster1,'Muito Baixo Risco'
16495,271,2,246.51,2,2,1,cluster3,'Alto Risco'
14336,12,4,1614.91,5,3,4,cluster5,'Muito Baixo Risco'
15206,5,4,420.3,5,3,2,cluster5,'Baixo Risco'
12881,271,1,298,2,1,2,cluster3,'Alto Risco'
16572,122,3,1009.6,3,3,3,cluster5,'Médio Risco'
14165,271,1,122.54,2,1,1,cluster3,'Alto Risco'
15632,11,8,3285.31,5,4,5,cluster1,'Muito Baixo Risco'
14297,13,4,1305.33,5,3,4,cluster5,'Muito Baixo Risco'
13899,11,2,388.52,5,2,2,cluster4,'Baixo Risco'
18183,222,2,632.07,2,2,3,cluster3,'Médio Risco'
14603,270,1,660,2,1,3,cluster3,'Alto Risco'
15308,270,1,310.47,2,1,2,cluster3,'Alto Risco'
18086,269,1,101.34,2,1,1,cluster3,'Alto Risco'
16778,69,2,245.94,3,2,1,cluster4,'Médio Risco'
16808,94,2,288.42,3,2,2,cluster4,'Médio Risco'
16475,83,4,544.3,3,3,2,cluster5,'Médio Risco'
13265,48,5,2107.66,4,4,4,cluster1,'Muito Baixo Risco'
12520,74,5,2634.26,3,4,4,cluster2,'Baixo Risco'
15049,269,1,121.17,2,1,1,cluster3,'Alto Risco'
16766,268,2,1145.6,2,2,3,cluster3,'Médio Risco'
16801,158,4,1619.73,3,3,4,cluster5,'Baixo Risco'
17164,28,7,2467.35,4,4,4,cluster1,'Muito Baixo Risco'
13043,268,1,516.42,2,1,2,cluster3,'Alto Risco'
14352,152,4,1078.96,3,3,3,cluster5,'Médio Risco'
13956,49,4,869.92,4,3,3,cluster5,'Baixo Risco'
13708,266,1,296.88,2,1,2,cluster3,'Alto Risco'
15671,14,7,2657.13,5,4,4,cluster1,'Muito Baixo Risco'
16871,17,6,2812.34,5,4,4,cluster1,'Muito Baixo Risco'
12901,4,28,17654.54,5,5,5,cluster1,'Muito Baixo Risco'
15388,265,1,140.54,2,1,1,cluster3,'Alto Risco'
16804,18,3,536.99,5,3,2,cluster5,'Baixo Risco'
13499,13,5,1159.11,5,4,3,cluster1,'Muito Baixo Risco'
15047,265,1,343.62,2,1,2,cluster3,'Alto Risco'
15106,13,5,1422.52,5,4,4,cluster1,'Muito Baixo Risco'
13716,264,1,138.28,2,1,1,cluster3,'Alto Risco'
13121,264,1,283.73,2,1,1,cluster3,'Alto Risco'
16297,264,1,301.9,2,1,2,cluster3,'Alto Risco'
12994,115,2,645.47,3,2,3,cluster4,'Médio Risco'
16152,264,1,1829.04,2,1,4,cluster3,'Médio Risco'
14636,31,2,609.85,4,2,2,cluster4,'Baixo Risco'
13358,264,1,439.03,2,1,2,cluster3,'Alto Risco'
12597,14,4,3811.22,5,3,5,cluster5,'Muito Baixo Risco'
12955,3,10,4410.24,5,5,5,cluster1,'Muito Baixo Risco'
13185,263,1,71.4,2,1,1,cluster3,'Alto Risco'
13216,263,1,333.74,2,1,2,cluster3,'Alto Risco'
13533,178,3,270.79,3,3,1,cluster5,'Médio Risco'
13268,13,11,3214.69,5,5,5,cluster1,'Muito Baixo Risco'
15433,209,2,533.3,2,2,2,cluster3,'Alto Risco'
16216,262,1,914.93,2,1,3,cluster3,'Alto Risco'
16976,262,1,251.52,2,1,1,cluster3,'Alto Risco'
13631,95,11,3070.42,3,5,5,cluster2,'Baixo Risco'
15648,199,2,657.35,2,2,3,cluster3,'Médio Risco'
17725,11,11,3439.08,5,5,5,cluster1,'Muito Baixo Risco'
13072,262,1,177.15,2,1,1,cluster3,'Alto Risco'
14059,262,1,183.6,2,1,1,cluster3,'Alto Risco'
16672,31,19,7864.94,4,5,5,cluster1,'Muito Baixo Risco'
14066,262,1,152.55,2,1,1,cluster3,'Alto Risco'
16626,2,16,4023.89,5,5,5,cluster1,'Muito Baixo Risco'
15019,262,1,266,2,1,1,cluster3,'Alto Risco'
14041,261,1,141.41,2,1,1,cluster3,'Alto Risco'
17060,261,1,234.24,2,1,1,cluster3,'Alto Risco'
16023,41,3,719.81,4,3,3,cluster5,'Baixo Risco'
12878,232,2,854.99,2,2,3,cluster3,'Médio Risco'
14155,261,1,118.75,2,1,1,cluster3,'Alto Risco'
14633,261,1,344.9,2,1,2,cluster3,'Alto Risco'
15703,260,1,211.5,2,1,1,cluster3,'Alto Risco'
14071,14,6,1284.24,5,4,4,cluster1,'Muito Baixo Risco'
17795,175,2,350.39,3,2,2,cluster4,'Médio Risco'
12902,260,1,138.68,2,1,1,cluster3,'Alto Risco'
14232,38,5,2048.07,4,4,4,cluster1,'Muito Baixo Risco'
12407,45,5,1708.12,4,4,4,cluster1,'Muito Baixo Risco'
16728,41,4,1054.67,4,3,3,cluster5,'Baixo Risco'
13592,31,4,247.96,4,3,1,cluster5,'Baixo Risco'
15408,259,1,267.18,2,1,1,cluster3,'Alto Risco'
14223,87,3,991.13,3,3,3,cluster5,'Médio Risco'
13934,259,1,922.1,2,1,3,cluster3,'Alto Risco'
15669,35,4,684.34,4,3,3,cluster5,'Baixo Risco'
18224,259,1,158.95,2,1,1,cluster3,'Alto Risco'
14245,215,2,1693.45,2,2,4,cluster3,'Médio Risco'
14632,258,1,114.56,2,1,1,cluster3,'Alto Risco'
15132,13,5,977.93,5,4,3,cluster1,'Muito Baixo Risco'
17272,37,4,2148.63,4,3,4,cluster5,'Baixo Risco'
14711,5,11,2868.8,5,5,4,cluster1,'Muito Baixo Risco'
14377,186,2,617.05,3,2,3,cluster4,'Médio Risco'
15457,257,1,237.07,2,1,1,cluster3,'Alto Risco'
16721,257,1,292.47,2,1,2,cluster3,'Alto Risco'
17733,34,2,692.19,4,2,3,cluster4,'Baixo Risco'
17102,257,1,25.5,2,1,1,cluster3,'Alto Risco'
15449,21,3,974.52,4,3,3,cluster5,'Baixo Risco'
12818,257,1,1542.08,2,1,4,cluster3,'Médio Risco'
12604,74,2,254.18,3,2,1,cluster4,'Médio Risco'
13132,257,1,77.3,2,1,1,cluster3,'Alto Risco'
17486,256,1,396.87,2,1,2,cluster3,'Alto Risco'
12564,256,1,456.9,2,1,2,cluster3,'Alto Risco'
15644,161,4,813,3,3,3,cluster5,'Médio Risco'
17250,256,1,162.65,2,1,1,cluster3,'Alto Risco'
13341,256,1,775.85,2,1,3,cluster3,'Alto Risco'
17698,256,1,154.95,2,1,1,cluster3,'Alto Risco'
14267,158,3,1516.24,3,3,4,cluster5,'Baixo Risco'
16022,255,1,628.28,2,1,3,cluster3,'Alto Risco'
16063,255,1,335.32,2,1,2,cluster3,'Alto Risco'
15178,255,1,40.5,2,1,1,cluster3,'Alto Risco'
14348,255,1,409.57,2,1,2,cluster3,'Alto Risco'
15815,59,5,2100.6,4,4,4,cluster1,'Muito Baixo Risco'
17979,31,4,757.71,4,3,3,cluster5,'Baixo Risco'
12545,70,2,1000.39,3,2,3,cluster4,'Médio Risco'
14536,255,1,171.8,2,1,1,cluster3,'Alto Risco'
17946,228,2,149.58,2,2,1,cluster3,'Alto Risco'
13743,84,6,1065.84,3,4,3,cluster2,'Baixo Risco'
15045,147,2,735.66,3,2,3,cluster4,'Médio Risco'
14476,252,1,215.7,2,1,1,cluster3,'Alto Risco'
16245,19,3,1413.66,5,3,4,cluster5,'Muito Baixo Risco'
12669,146,3,2744.03,3,3,4,cluster5,'Baixo Risco'
15083,252,1,88.2,2,1,1,cluster3,'Alto Risco'
18010,252,1,174.8,2,1,1,cluster3,'Alto Risco'
15624,112,4,588.13,3,3,2,cluster5,'Médio Risco'
17874,181,6,683.46,3,4,3,cluster2,'Baixo Risco'
17719,33,15,5396.04,4,5,5,cluster1,'Muito Baixo Risco'
17398,110,3,653.38,3,3,3,cluster5,'Médio Risco'
12888,209,2,354.12,2,2,2,cluster3,'Alto Risco'
13588,11,9,2478.95,5,5,4,cluster1,'Muito Baixo Risco'
12456,39,3,3181.04,4,3,5,cluster5,'Baixo Risco'
13720,112,4,799.9,3,3,3,cluster5,'Médio Risco'
17775,250,1,56.4,2,1,1,cluster3,'Alto Risco'
16657,5,4,933.62,5,3,3,cluster5,'Baixo Risco'
15364,91,2,913.19,3,2,3,cluster4,'Médio Risco'
15832,249,1,836.79,2,1,3,cluster3,'Alto Risco'
15528,249,1,229.33,2,1,1,cluster3,'Alto Risco'
16398,149,2,1705.8,3,2,4,cluster4,'Médio Risco'
17088,23,4,1991.01,4,3,4,cluster5,'Baixo Risco'
13060,249,1,307.53,2,1,2,cluster3,'Alto Risco'
16698,222,2,1998,2,2,4,cluster3,'Médio Risco'
13918,45,2,1212.84,4,2,3,cluster4,'Baixo Risco'
17781,154,2,188.02,3,2,1,cluster4,'Médio Risco'
14886,248,1,364.8,2,1,2,cluster3,'Alto Risco'
16609,10,7,5493.46,5,4,5,cluster1,'Muito Baixo Risco'
18263,21,3,1213.16,4,3,3,cluster5,'Baixo Risco'
13841,248,1,85,2,1,1,cluster3,'Alto Risco'
17701,248,1,417.95,2,1,2,cluster3,'Alto Risco'
12569,3,28,3704.86,5,5,5,cluster1,'Muito Baixo Risco'
16162,247,1,37.4,2,1,1,cluster3,'Alto Risco'
14023,2,2,584.07,5,2,2,cluster4,'Baixo Risco'
16142,245,1,535.34,2,1,2,cluster3,'Alto Risco'
18185,244,1,304.25,2,1,2,cluster3,'Alto Risco'
17956,244,1,12.75,2,1,1,cluster3,'Alto Risco'
15756,56,4,532.96,4,3,2,cluster5,'Baixo Risco'
14747,244,1,328.2,2,1,2,cluster3,'Alto Risco'
14719,6,4,1195.71,5,3,3,cluster5,'Baixo Risco'
15442,244,1,594,2,1,2,cluster3,'Alto Risco'
16696,130,4,657.9,3,3,3,cluster5,'Médio Risco'
15145,39,3,1036.37,4,3,3,cluster5,'Baixo Risco'
13525,10,2,628.78,5,2,3,cluster4,'Baixo Risco'
17140,242,1,465.32,2,1,2,cluster3,'Alto Risco'
14964,242,1,206.21,2,1,1,cluster3,'Alto Risco'
16031,88,2,548.94,3,2,2,cluster4,'Médio Risco'
17042,116,4,922.82,3,3,3,cluster5,'Médio Risco'
17906,242,1,72.9,2,1,1,cluster3,'Alto Risco'
16144,242,1,175.2,2,1,1,cluster3,'Alto Risco'
13731,214,2,610.59,2,2,2,cluster3,'Alto Risco'
13950,6,4,745.06,5,3,3,cluster5,'Baixo Risco'
14246,106,3,1474.06,3,3,4,cluster5,'Baixo Risco'
18040,14,2,357.2,5,2,2,cluster4,'Baixo Risco'
16837,26,11,3170.98,4,5,5,cluster1,'Muito Baixo Risco'
15119,241,1,266.4,2,1,1,cluster3,'Alto Risco'
12999,191,3,455.88,3,3,2,cluster5,'Médio Risco'
17054,24,5,1356.33,4,4,4,cluster1,'Muito Baixo Risco'
12447,238,1,476.49,2,1,2,cluster3,'Alto Risco'
13570,238,1,239.49,2,1,1,cluster3,'Alto Risco'
13232,8,7,1357.6,5,4,4,cluster1,'Muito Baixo Risco'
18129,238,1,112.55,2,1,1,cluster3,'Alto Risco'
15655,238,1,560.67,2,1,2,cluster3,'Alto Risco'
15214,5,7,1532.68,5,4,4,cluster1,'Muito Baixo Risco'
17574,238,1,185.65,2,1,1,cluster3,'Alto Risco'
15737,10,8,1205.12,5,4,3,cluster1,'Muito Baixo Risco'
18080,14,2,1231.5,5,2,4,cluster4,'Baixo Risco'
12596,47,2,618.27,4,2,3,cluster4,'Baixo Risco'
14273,46,4,559.97,4,3,2,cluster5,'Baixo Risco'
12363,105,2,552,3,2,2,cluster4,'Médio Risco'
15414,5,3,774.9,5,3,3,cluster5,'Baixo Risco'
15935,234,2,416.86,2,2,2,cluster3,'Alto Risco'
14111,9,4,692.85,5,3,3,cluster5,'Baixo Risco'
17972,237,1,136.04,2,1,1,cluster3,'Alto Risco'
12463,48,4,1344.78,4,3,4,cluster5,'Baixo Risco'
16729,33,21,7239.92,4,5,5,cluster1,'Muito Baixo Risco'
16697,236,1,112.75,2,1,1,cluster3,'Alto Risco'
14931,18,4,1059.28,5,3,3,cluster5,'Baixo Risco'
15230,234,2,429.6,2,2,2,cluster3,'Alto Risco'
16309,101,2,706.57,3,2,3,cluster4,'Médio Risco'
14262,3,8,2618.23,5,4,4,cluster1,'Muito Baixo Risco'
16097,235,1,185.05,2,1,1,cluster3,'Alto Risco'
13122,89,2,922.39,3,2,3,cluster4,'Médio Risco'
16966,3,7,2154.97,5,4,4,cluster1,'Muito Baixo Risco'
15147,235,1,623.5,2,1,3,cluster3,'Alto Risco'
15813,203,2,1303.91,2,2,4,cluster3,'Médio Risco'
17058,77,3,1179.89,3,3,3,cluster5,'Médio Risco'
17704,164,2,885.19,3,2,3,cluster4,'Médio Risco'
16249,48,5,1800.07,4,4,4,cluster1,'Muito Baixo Risco'
13811,179,3,814.5,3,3,3,cluster5,'Médio Risco'
16806,98,4,801.49,3,3,3,cluster5,'Médio Risco'
13120,234,1,30.6,2,1,1,cluster3,'Alto Risco'
12769,234,1,1143.6,2,1,3,cluster3,'Alto Risco'
14323,110,2,605.06,3,2,2,cluster4,'Médio Risco'
17367,233,1,168.4,2,1,1,cluster3,'Alto Risco'
18213,232,1,232.48,2,1,1,cluster3,'Alto Risco'
15172,4,5,1624.05,5,4,4,cluster1,'Muito Baixo Risco'
15745,14,4,1094.59,5,3,3,cluster5,'Baixo Risco'
17697,231,1,338.95,2,1,2,cluster3,'Alto Risco'
15491,90,6,3100.09,3,4,5,cluster2,'Baixo Risco'
16617,231,1,151.85,2,1,1,cluster3,'Alto Risco'
15508,184,6,1000.27,3,4,3,cluster2,'Baixo Risco'
15594,11,5,1771.78,5,4,4,cluster1,'Muito Baixo Risco'
13376,94,3,1019.76,3,3,3,cluster5,'Médio Risco'
16633,12,6,2883.1,5,4,4,cluster1,'Muito Baixo Risco'
15225,229,1,409.4,2,1,2,cluster3,'Alto Risco'
15436,7,3,1122.53,5,3,3,cluster5,'Baixo Risco'
15517,228,1,267.03,2,1,1,cluster3,'Alto Risco'
17120,228,1,307.46,2,1,2,cluster3,'Alto Risco'
12506,228,1,73.5,2,1,1,cluster3,'Alto Risco'
14759,108,2,870.85,3,2,3,cluster4,'Médio Risco'
13505,68,4,4393.63,3,3,5,cluster5,'Baixo Risco'
13389,6,3,797.96,5,3,3,cluster5,'Baixo Risco'
12354,228,1,1079.4,2,1,3,cluster3,'Alto Risco'
17061,69,11,5232.23,3,5,5,cluster2,'Baixo Risco'
17630,165,2,503.6,3,2,2,cluster4,'Médio Risco'
16587,227,1,225.15,2,1,1,cluster3,'Alto Risco'
12622,227,1,180.1,2,1,1,cluster3,'Alto Risco'
16750,40,5,623.93,4,4,3,cluster1,'Baixo Risco'
17670,223,1,205.7,2,1,1,cluster3,'Alto Risco'
15108,137,4,1300.25,3,3,4,cluster5,'Baixo Risco'
16942,8,9,1920.59,5,5,4,cluster1,'Muito Baixo Risco'
15237,73,3,1328.72,3,3,4,cluster5,'Baixo Risco'
16965,222,1,201.19,2,1,1,cluster3,'Alto Risco'
15891,222,1,524.52,2,1,2,cluster3,'Alto Risco'
13637,47,3,810.5,4,3,3,cluster5,'Baixo Risco'
16637,27,4,1154.47,4,3,3,cluster5,'Baixo Risco'
13229,221,1,160.95,2,1,1,cluster3,'Alto Risco'
14973,102,3,1314.45,3,3,4,cluster5,'Baixo Risco'
15952,29,4,806.57,4,3,3,cluster5,'Baixo Risco'
17893,220,1,112.25,2,1,1,cluster3,'Alto Risco'
16370,77,4,1320.56,3,3,4,cluster5,'Baixo Risco'
15376,35,3,1233.36,4,3,4,cluster5,'Baixo Risco'
16055,216,1,134.8,2,1,1,cluster3,'Alto Risco'
14149,216,1,446.62,2,1,2,cluster3,'Alto Risco'
17501,216,2,288.6,2,2,2,cluster3,'Alto Risco'
15582,20,3,682.91,4,3,3,cluster5,'Baixo Risco'
16230,185,2,542.03,3,2,2,cluster4,'Médio Risco'
18146,136,2,160.35,3,2,1,cluster4,'Médio Risco'
17443,215,1,534.24,2,1,2,cluster3,'Alto Risco'
12886,63,2,1378.4,3,2,4,cluster4,'Médio Risco'
13524,36,5,680.18,4,4,3,cluster1,'Baixo Risco'
16610,215,1,75.66,2,1,1,cluster3,'Alto Risco'
17394,214,1,203.87,2,1,1,cluster3,'Alto Risco'
14948,18,6,1101.97,5,4,3,cluster1,'Muito Baixo Risco'
12593,104,3,418.1,3,3,2,cluster5,'Médio Risco'
14340,214,1,134.7,2,1,1,cluster3,'Alto Risco'
16457,213,1,208.36,2,1,1,cluster3,'Alto Risco'
17527,49,4,939.37,4,3,3,cluster5,'Baixo Risco'
14697,213,2,188.61,2,2,1,cluster3,'Alto Risco'
17522,134,4,912.25,3,3,3,cluster5,'Médio Risco'
13867,26,3,1015.29,4,3,3,cluster5,'Baixo Risco'
14393,213,1,67.95,2,1,1,cluster3,'Alto Risco'
15668,213,1,76.32,2,1,1,cluster3,'Alto Risco'
16319,213,1,404.4,2,1,2,cluster3,'Alto Risco'
17174,213,1,59.9,2,1,1,cluster3,'Alto Risco'
13365,29,2,2225.37,4,2,4,cluster4,'Baixo Risco'
18235,67,3,1796.48,3,3,4,cluster5,'Baixo Risco'
13741,67,3,668.43,3,3,3,cluster5,'Médio Risco'
12394,59,2,1272.48,4,2,4,cluster4,'Baixo Risco'
15258,164,2,623.16,3,2,3,cluster4,'Médio Risco'
14005,5,5,2874.72,5,4,4,cluster1,'Muito Baixo Risco'
18142,152,2,1019.52,3,2,3,cluster4,'Médio Risco'
17410,11,5,1214.72,5,4,3,cluster1,'Muito Baixo Risco'
12700,3,4,4939.99,5,3,5,cluster5,'Muito Baixo Risco'
13003,101,3,149.05,3,3,1,cluster5,'Médio Risco'
13492,131,3,1269.84,3,3,4,cluster5,'Baixo Risco'
18120,209,1,111.15,2,1,1,cluster3,'Alto Risco'
14397,1,18,2391.52,5,5,4,cluster1,'Muito Baixo Risco'
12684,3,7,2283.63,5,4,4,cluster1,'Muito Baixo Risco'
14288,208,1,426.6,2,1,2,cluster3,'Alto Risco'
15063,208,1,370.8,2,1,2,cluster3,'Alto Risco'
14591,10,4,1447.14,5,3,4,cluster5,'Muito Baixo Risco'
13990,208,1,311.3,2,1,2,cluster3,'Alto Risco'
14691,26,5,2114.33,4,4,4,cluster1,'Muito Baixo Risco'
17489,54,2,376.64,4,2,2,cluster4,'Baixo Risco'
13404,208,1,217.81,2,1,1,cluster3,'Alto Risco'
16644,173,2,833.78,3,2,3,cluster4,'Médio Risco'
14731,42,3,380.02,4,3,2,cluster5,'Baixo Risco'
15187,4,15,4447.26,5,5,5,cluster1,'Muito Baixo Risco'
18133,207,1,931.5,2,1,3,cluster3,'Alto Risco'
13235,207,1,1031.07,2,1,3,cluster3,'Alto Risco'
14883,14,6,761.59,5,4,3,cluster1,'Muito Baixo Risco'
16116,207,1,612.78,2,1,3,cluster3,'Alto Risco'
14364,104,8,3717.35,3,4,5,cluster2,'Baixo Risco'
16184,59,6,1158.79,4,4,3,cluster1,'Baixo Risco'
17932,24,3,1331.57,4,3,4,cluster5,'Baixo Risco'
12590,206,2,9864.26,2,2,5,cluster3,'Médio Risco'
17658,21,2,595.42,4,2,2,cluster4,'Baixo Risco'
12757,11,13,7857.1,5,5,5,cluster1,'Muito Baixo Risco'
17970,206,1,582.59,2,1,2,cluster3,'Alto Risco'
15907,172,2,529.52,3,2,2,cluster4,'Médio Risco'
14689,204,1,112.8,2,1,1,cluster3,'Alto Risco'
15440,50,3,383.68,4,3,2,cluster5,'Baixo Risco'
16076,17,9,2073.75,5,5,4,cluster1,'Muito Baixo Risco'
15333,203,1,1028.56,2,1,3,cluster3,'Alto Risco'
17263,203,1,63.44,2,1,1,cluster3,'Alto Risco'
16877,7,6,853.72,5,4,3,cluster1,'Muito Baixo Risco'
12674,34,4,1970.6,4,3,4,cluster5,'Baixo Risco'
14888,202,1,369.2,2,1,2,cluster3,'Alto Risco'
13456,13,6,1766.72,5,4,4,cluster1,'Muito Baixo Risco'
12690,201,1,389.01,2,1,2,cluster3,'Alto Risco'
16446,201,1,2.9,2,1,1,cluster3,'Alto Risco'
16818,6,11,3349.57,5,5,5,cluster1,'Muito Baixo Risco'
13572,201,1,1384.25,2,1,4,cluster3,'Médio Risco'
15116,13,4,1352.75,5,3,4,cluster5,'Muito Baixo Risco'
13529,74,2,307.76,3,2,2,cluster4,'Médio Risco'
12620,10,3,1339.41,5,3,4,cluster5,'Muito Baixo Risco'
16813,3,10,1692.98,5,5,4,cluster1,'Muito Baixo Risco'
16463,16,4,1422.4,5,3,4,cluster5,'Muito Baixo Risco'
13887,199,1,349.55,2,1,2,cluster3,'Alto Risco'
17166,34,2,206.34,4,2,1,cluster4,'Médio Risco'
13391,199,1,59.8,2,1,1,cluster3,'Alto Risco'
17455,199,1,131.7,2,1,1,cluster3,'Alto Risco'
18150,27,3,566.58,4,3,2,cluster5,'Baixo Risco'
16038,3,3,471.78,5,3,2,cluster5,'Baixo Risco'
13972,66,2,190.25,3,2,1,cluster4,'Médio Risco'
13227,197,1,257.7,2,1,1,cluster3,'Alto Risco'
13657,6,2,382.14,5,2,2,cluster4,'Baixo Risco'
14921,25,2,1316.07,4,2,4,cluster4,'Baixo Risco'
12710,92,3,1149.02,3,3,3,cluster5,'Médio Risco'
15292,196,1,180.94,2,1,1,cluster3,'Alto Risco'
15705,196,1,143.1,2,1,1,cluster3,'Alto Risco'
13339,196,1,860.12,2,1,3,cluster3,'Alto Risco'
13885,184,2,506.8,3,2,2,cluster4,'Médio Risco'
13737,195,1,339.6,2,1,2,cluster3,'Alto Risco'
16091,150,2,315.06,3,2,2,cluster4,'Médio Risco'
15804,6,12,3877.34,5,5,5,cluster1,'Muito Baixo Risco'
14287,3,3,176.63,5,3,1,cluster5,'Baixo Risco'
14705,194,1,179,2,1,1,cluster3,'Alto Risco'
12815,143,2,1063.46,3,2,3,cluster4,'Médio Risco'
14816,192,1,271.85,3,1,1,cluster4,'Alto Risco'
16624,76,2,810.57,3,2,3,cluster4,'Médio Risco'
12493,161,2,433.74,3,2,2,cluster4,'Médio Risco'
18232,77,4,592.97,3,3,2,cluster5,'Médio Risco'
18073,109,12,3877.52,3,5,5,cluster2,'Baixo Risco'
14280,192,1,134.04,3,1,1,cluster4,'Alto Risco'
14823,176,3,321.43,3,3,2,cluster5,'Médio Risco'
15897,189,2,222.05,3,2,1,cluster4,'Médio Risco'
15925,189,1,207.15,3,1,1,cluster4,'Alto Risco'
16483,188,1,139.35,3,1,1,cluster4,'Alto Risco'
15163,14,2,304.47,5,2,2,cluster4,'Baixo Risco'
18204,66,3,1993.7,3,3,4,cluster5,'Baixo Risco'
12473,24,5,3938.55,4,4,5,cluster1,'Muito Baixo Risco'
16969,35,3,650.41,4,3,3,cluster5,'Baixo Risco'
13917,45,2,272.04,4,2,1,cluster4,'Médio Risco'
13062,186,1,346.98,3,1,2,cluster4,'Médio Risco'
16484,169,2,404.3,3,2,2,cluster4,'Médio Risco'
14453,185,1,119.93,3,1,1,cluster4,'Alto Risco'
17900,185,2,112.2,3,2,1,cluster4,'Médio Risco'
13437,9,7,3408.06,5,4,5,cluster1,'Muito Baixo Risco'
12517,23,5,2502.84,4,4,4,cluster1,'Muito Baixo Risco'
14500,83,3,356.85,3,3,2,cluster5,'Médio Risco'
13248,120,2,465.68,3,2,2,cluster4,'Médio Risco'
16967,184,1,319.02,3,1,2,cluster4,'Médio Risco'
16659,184,1,39.12,3,1,1,cluster4,'Alto Risco'
16682,52,4,917.14,4,3,3,cluster5,'Baixo Risco'
15453,31,6,1253.09,4,4,4,cluster1,'Muito Baixo Risco'
16963,182,1,110.55,3,1,1,cluster4,'Alto Risco'
13682,182,1,59.5,3,1,1,cluster4,'Alto Risco'
15349,153,2,473.81,3,2,2,cluster4,'Médio Risco'
16849,182,1,124.57,3,1,1,cluster4,'Alto Risco'
12535,87,2,716.35,3,2,3,cluster4,'Médio Risco'
18248,118,2,804.02,3,2,3,cluster4,'Médio Risco'
15386,181,1,394.14,3,1,2,cluster4,'Médio Risco'
17252,112,2,353.86,3,2,2,cluster4,'Médio Risco'
14542,181,1,103.25,3,1,1,cluster4,'Alto Risco'
18072,181,1,247.44,3,1,1,cluster4,'Alto Risco'
17015,24,3,1842.56,4,3,4,cluster5,'Baixo Risco'
17124,180,1,298.89,3,1,2,cluster4,'Médio Risco'
17828,18,4,1820.09,5,3,4,cluster5,'Muito Baixo Risco'
15743,11,4,784.46,5,3,3,cluster5,'Baixo Risco'
14622,180,1,320.58,3,1,2,cluster4,'Médio Risco'
15609,180,1,298.48,3,1,2,cluster4,'Médio Risco'
14561,71,3,1080.76,3,3,3,cluster5,'Médio Risco'
15238,24,3,1071.99,4,3,3,cluster5,'Baixo Risco'
14132,10,10,3270.9,5,5,5,cluster1,'Muito Baixo Risco'
16113,178,1,161.38,3,1,1,cluster4,'Alto Risco'
16107,13,7,3204.16,5,4,5,cluster1,'Muito Baixo Risco'
15679,19,4,781.28,5,3,3,cluster5,'Baixo Risco'
16581,178,1,105.84,3,1,1,cluster4,'Alto Risco'
15267,17,5,1717.36,5,4,4,cluster1,'Muito Baixo Risco'
17234,178,1,149.89,3,1,1,cluster4,'Alto Risco'
15411,21,4,1358.88,4,3,4,cluster5,'Baixo Risco'
14178,4,7,1620.93,5,4,4,cluster1,'Muito Baixo Risco'
15098,177,3,39916.5,3,3,5,cluster5,'Baixo Risco'
17265,134,2,562.9,3,2,2,cluster4,'Médio Risco'
13517,55,3,2128.42,4,3,4,cluster5,'Baixo Risco'
16342,70,4,322.41,3,3,2,cluster5,'Médio Risco'
12732,175,1,236.26,3,1,1,cluster4,'Alto Risco'
15036,67,3,465.55,3,3,2,cluster5,'Médio Risco'
15069,174,1,1109.53,3,1,3,cluster4,'Médio Risco'
14503,2,5,3205.51,5,4,5,cluster1,'Muito Baixo Risco'
13343,173,1,353.43,3,1,2,cluster4,'Médio Risco'
12624,101,2,641.13,3,2,3,cluster4,'Médio Risco'
18165,172,1,302.46,3,1,2,cluster4,'Médio Risco'
16324,124,3,428.68,3,3,2,cluster5,'Médio Risco'
14222,172,1,683.17,3,1,3,cluster4,'Médio Risco'
15585,172,1,455.3,3,1,2,cluster4,'Médio Risco'
16257,172,1,46.95,3,1,1,cluster4,'Alto Risco'
12816,91,2,572.2,3,2,2,cluster4,'Médio Risco'
13826,171,1,189.5,3,1,1,cluster4,'Alto Risco'
13575,19,5,732.07,5,4,3,cluster1,'Muito Baixo Risco'
16852,5,2,144.91,5,2,1,cluster4,'Baixo Risco'
15014,38,2,260.17,4,2,1,cluster4,'Médio Risco'
14765,24,3,254.11,4,3,1,cluster5,'Baixo Risco'
16869,18,4,825.42,5,3,3,cluster5,'Baixo Risco'
15909,169,1,191.94,3,1,1,cluster4,'Alto Risco'
13618,169,1,177.34,3,1,1,cluster4,'Alto Risco'
17879,169,1,178.52,3,1,1,cluster4,'Alto Risco'
17562,9,7,1122.38,5,4,3,cluster1,'Muito Baixo Risco'
15334,152,3,351.67,3,3,2,cluster5,'Médio Risco'
13568,168,1,192.85,3,1,1,cluster4,'Alto Risco'
16744,7,7,1304.76,5,4,4,cluster1,'Muito Baixo Risco'
15700,167,2,696.68,3,2,3,cluster4,'Médio Risco'
17444,143,3,2940.04,3,3,5,cluster5,'Baixo Risco'
15840,54,2,355.56,4,2,2,cluster4,'Baixo Risco'
14808,35,8,2741.17,4,4,4,cluster1,'Muito Baixo Risco'
12904,13,2,509.58,5,2,2,cluster4,'Baixo Risco'
15825,167,1,532.94,3,1,2,cluster4,'Médio Risco'
12432,38,5,5059.32,4,4,5,cluster1,'Muito Baixo Risco'
12830,33,6,6814.64,4,4,5,cluster1,'Muito Baixo Risco'
15507,167,1,492.36,3,1,2,cluster4,'Médio Risco'
12930,73,2,415.8,3,2,2,cluster4,'Médio Risco'
14960,4,2,221.27,5,2,1,cluster4,'Baixo Risco'
12444,16,5,5005.46,5,4,5,cluster1,'Muito Baixo Risco'
15412,166,1,190.53,3,1,1,cluster4,'Alto Risco'
16114,166,1,135.75,3,1,1,cluster4,'Alto Risco'
13420,145,2,159.85,3,2,1,cluster4,'Médio Risco'
17877,166,1,237.61,3,1,1,cluster4,'Alto Risco'
16247,165,1,114.56,3,1,1,cluster4,'Alto Risco'
12919,3,6,1335.19,5,4,4,cluster1,'Muito Baixo Risco'
15130,165,1,330.11,3,1,2,cluster4,'Médio Risco'
12704,3,8,2340.84,5,4,4,cluster1,'Muito Baixo Risco'
17370,68,4,446.18,3,3,2,cluster5,'Médio Risco'
12465,12,2,742.19,5,2,3,cluster4,'Baixo Risco'
12697,24,3,957.59,4,3,3,cluster5,'Baixo Risco'
13791,123,2,1516,3,2,4,cluster4,'Médio Risco'
14795,162,1,131.45,3,1,1,cluster4,'Alto Risco'
12548,161,1,95.2,3,1,1,cluster4,'Alto Risco'
16671,23,3,1692.27,4,3,4,cluster5,'Baixo Risco'
14351,160,1,51,3,1,1,cluster4,'Alto Risco'
17391,159,2,508.8,3,2,2,cluster4,'Médio Risco'
17750,31,8,1684.25,4,4,4,cluster1,'Muito Baixo Risco'
17997,69,8,1970.67,3,4,4,cluster2,'Baixo Risco'
14383,33,3,1247.69,4,3,4,cluster5,'Baixo Risco'
15537,159,1,110.92,3,1,1,cluster4,'Alto Risco'
17837,37,8,1593.38,4,4,4,cluster1,'Muito Baixo Risco'
15578,158,1,127.1,3,1,1,cluster4,'Alto Risco'
16498,156,2,100.97,3,2,1,cluster4,'Médio Risco'
17891,157,1,203.86,3,1,1,cluster4,'Alto Risco'
16866,136,3,207.74,3,3,1,cluster5,'Médio Risco'
13730,131,2,752.6,3,2,3,cluster4,'Médio Risco'
12922,156,1,405.38,3,1,2,cluster4,'Médio Risco'
16009,17,4,992.71,5,3,3,cluster5,'Baixo Risco'
17939,155,1,99.14,3,1,1,cluster4,'Alto Risco'
17312,134,3,644.3,3,3,3,cluster5,'Médio Risco'
17899,154,1,155.8,3,1,1,cluster4,'Alto Risco'
15007,154,1,156.91,3,1,1,cluster4,'Alto Risco'
18265,67,2,801.51,3,2,3,cluster4,'Médio Risco'
17024,40,3,95.85,4,3,1,cluster5,'Baixo Risco'
14034,17,3,651.82,5,3,3,cluster5,'Baixo Risco'
16616,10,2,500.42,5,2,2,cluster4,'Baixo Risco'
16338,152,1,214.8,3,1,1,cluster4,'Alto Risco'
14002,129,2,529.73,3,2,2,cluster4,'Médio Risco'
16929,12,6,1089.45,5,4,3,cluster1,'Muito Baixo Risco'
17892,51,3,244.1,4,3,1,cluster5,'Baixo Risco'
15505,48,5,3610.96,4,4,5,cluster1,'Muito Baixo Risco'
18013,150,2,187.29,3,2,1,cluster4,'Médio Risco'
13681,13,4,827.83,5,3,3,cluster5,'Baixo Risco'
13486,74,3,1122.41,3,3,3,cluster5,'Médio Risco'
12461,89,2,826.88,3,2,3,cluster4,'Médio Risco'
18121,145,2,673.1,3,2,3,cluster4,'Médio Risco'
18024,148,2,389.78,3,2,2,cluster4,'Médio Risco'
15467,4,3,524.88,5,3,2,cluster5,'Baixo Risco'
13678,147,1,232.6,3,1,1,cluster4,'Alto Risco'
13058,20,3,271.4,4,3,1,cluster5,'Baixo Risco'
12556,46,2,603.71,4,2,2,cluster4,'Baixo Risco'
13224,55,2,2155.95,4,2,4,cluster4,'Baixo Risco'
16989,2,6,1133.25,5,4,3,cluster1,'Muito Baixo Risco'
18122,4,6,1826.21,5,4,4,cluster1,'Muito Baixo Risco'
12722,80,4,997.63,3,3,3,cluster5,'Médio Risco'
17405,68,2,883.01,3,2,3,cluster4,'Médio Risco'
13311,145,1,490.11,3,1,2,cluster4,'Médio Risco'
15895,145,1,179.17,3,1,1,cluster4,'Alto Risco'
13667,144,1,305.02,3,1,2,cluster4,'Médio Risco'
12405,144,1,1710.39,3,1,4,cluster4,'Médio Risco'
14862,21,2,841.2,4,2,3,cluster4,'Baixo Risco'
16488,28,3,498.8,4,3,2,cluster5,'Baixo Risco'
13933,104,2,608.79,3,2,2,cluster4,'Médio Risco'
15839,28,3,1048.49,4,3,3,cluster5,'Baixo Risco'
13994,35,5,2197.04,4,4,4,cluster1,'Muito Baixo Risco'
17554,12,4,1714.15,5,3,4,cluster5,'Muito Baixo Risco'
17948,143,1,358.56,3,1,2,cluster4,'Médio Risco'
15004,142,1,1246.32,3,1,4,cluster4,'Médio Risco'
13507,93,3,2022.79,3,3,4,cluster5,'Baixo Risco'
12833,140,1,417.38,3,1,2,cluster4,'Médio Risco'
16474,3,7,1871.5,5,4,4,cluster1,'Muito Baixo Risco'
16762,15,3,1501.38,5,3,4,cluster5,'Muito Baixo Risco'
13940,12,4,839.14,5,3,3,cluster5,'Baixo Risco'
14029,58,2,467.66,4,2,2,cluster4,'Baixo Risco'
14117,139,1,90,3,1,1,cluster4,'Alto Risco'
17779,16,3,658.57,5,3,3,cluster5,'Baixo Risco'
13991,7,6,855.97,5,4,3,cluster1,'Muito Baixo Risco'
13827,53,3,412.05,4,3,2,cluster5,'Baixo Risco'
12560,107,2,1436.31,3,2,4,cluster4,'Médio Risco'
16764,5,12,2596.38,5,5,4,cluster1,'Muito Baixo Risco'
18180,55,5,1533.02,4,4,4,cluster1,'Muito Baixo Risco'
12521,138,1,599.68,3,1,2,cluster4,'Médio Risco'
15802,138,1,451.42,3,1,2,cluster4,'Médio Risco'
17229,91,2,318.76,3,2,2,cluster4,'Médio Risco'
14456,17,8,2679.44,5,4,4,cluster1,'Muito Baixo Risco'
16464,15,3,1314.68,5,3,4,cluster5,'Muito Baixo Risco'
18143,112,2,1000.16,3,2,3,cluster4,'Médio Risco'
14259,137,1,120,3,1,1,cluster4,'Alto Risco'
14517,28,2,330.45,4,2,2,cluster4,'Baixo Risco'
16041,26,3,3166.4,4,3,5,cluster5,'Baixo Risco'
15829,94,2,636.14,3,2,3,cluster4,'Médio Risco'
15232,108,2,612.06,3,2,2,cluster4,'Médio Risco'
12438,9,2,2906.85,5,2,4,cluster4,'Baixo Risco'
12627,6,7,4478.53,5,4,5,cluster1,'Muito Baixo Risco'
13563,79,2,777.53,3,2,3,cluster4,'Médio Risco'
16305,134,1,361.22,3,1,2,cluster4,'Médio Risco'
17724,66,3,1033,3,3,3,cluster5,'Médio Risco'
13116,133,1,501.14,3,1,2,cluster4,'Médio Risco'
14019,42,3,1421.61,4,3,4,cluster5,'Baixo Risco'
14100,133,1,194.9,3,1,1,cluster4,'Alto Risco'
16557,19,2,281.85,5,2,1,cluster4,'Baixo Risco'
16364,7,2,707.04,5,2,3,cluster4,'Baixo Risco'
17693,132,1,200.47,3,1,1,cluster4,'Alto Risco'
15618,28,4,776.851,4,3,3,cluster5,'Baixo Risco'
13930,53,2,337.34,4,2,2,cluster4,'Baixo Risco'
13379,21,3,572.56,4,3,2,cluster5,'Baixo Risco'
14305,66,3,1858.96,3,3,4,cluster5,'Baixo Risco'
12397,31,2,2409.9,4,2,4,cluster4,'Baixo Risco'
14331,119,2,462.66,3,2,2,cluster4,'Médio Risco'
13925,88,4,678.25,3,3,3,cluster5,'Médio Risco'
18237,60,4,861.35,3,3,3,cluster5,'Médio Risco'
12453,129,1,707.09,3,1,3,cluster4,'Médio Risco'
15118,129,1,244.8,3,1,1,cluster4,'Alto Risco'
15746,129,1,196.88,3,1,1,cluster4,'Alto Risco'
12743,129,2,546.43,3,2,2,cluster4,'Médio Risco'
15942,129,1,337.44,3,1,2,cluster4,'Médio Risco'
15120,129,1,358.82,3,1,2,cluster4,'Médio Risco'
14143,129,1,115.8,3,1,1,cluster4,'Alto Risco'
18081,31,3,343.45,4,3,2,cluster5,'Baixo Risco'
14511,6,5,1314.81,5,4,4,cluster1,'Muito Baixo Risco'
12716,128,1,677.9,3,1,3,cluster4,'Médio Risco'
15776,128,1,241.62,3,1,1,cluster4,'Alto Risco'
12981,25,2,372.22,4,2,2,cluster4,'Baixo Risco'
13928,6,4,464.57,5,3,2,cluster5,'Baixo Risco'
15438,126,1,156.58,3,1,1,cluster4,'Alto Risco'
17173,5,7,3209.4,5,4,5,cluster1,'Muito Baixo Risco'
17053,126,1,498.48,3,1,2,cluster4,'Médio Risco'
12534,126,1,1089.18,3,1,3,cluster4,'Médio Risco'
14567,52,2,1530.36,4,2,4,cluster4,'Baixo Risco'
14937,52,3,1621.88,4,3,4,cluster5,'Baixo Risco'
12828,3,5,935.09,5,4,3,cluster1,'Muito Baixo Risco'
15342,125,1,406.09,3,1,2,cluster4,'Médio Risco'
13075,125,1,919.61,3,1,3,cluster4,'Médio Risco'
17788,69,2,1117.9,3,2,3,cluster4,'Médio Risco'
13850,124,1,1595.48,3,1,4,cluster4,'Médio Risco'
14076,124,1,122.47,3,1,1,cluster4,'Alto Risco'
13805,47,2,924.6,4,2,3,cluster4,'Baixo Risco'
17887,124,1,111.35,3,1,1,cluster4,'Alto Risco'
13186,35,3,1575.89,4,3,4,cluster5,'Baixo Risco'
12750,124,1,275.88,3,1,1,cluster4,'Alto Risco'
17656,69,5,1674.69,3,4,4,cluster2,'Baixo Risco'
16102,37,3,1842.14,4,3,4,cluster5,'Baixo Risco'
15089,5,6,2420.84,5,4,4,cluster1,'Muito Baixo Risco'
12689,21,2,1247.61,4,2,4,cluster4,'Baixo Risco'
14768,13,2,192.6,5,2,1,cluster4,'Baixo Risco'
18099,122,1,168.31,3,1,1,cluster4,'Alto Risco'
15205,80,2,653.24,3,2,3,cluster4,'Médio Risco'
13218,122,1,62.64,3,1,1,cluster4,'Alto Risco'
17267,122,2,317.62,3,2,2,cluster4,'Médio Risco'
16302,122,1,233.22,3,1,1,cluster4,'Alto Risco'
14720,1,3,663.81,5,3,3,cluster5,'Baixo Risco'
18282,3,2,178.05,5,2,1,cluster4,'Baixo Risco'
12610,18,5,2099.54,5,4,4,cluster1,'Muito Baixo Risco'
13200,14,4,870.09,5,3,3,cluster5,'Baixo Risco'
16066,12,5,1521.87,5,4,4,cluster1,'Muito Baixo Risco'
12885,58,3,1175.22,4,3,3,cluster5,'Baixo Risco'
17331,119,1,175.2,3,1,1,cluster4,'Alto Risco'
13016,68,3,789.89,3,3,3,cluster5,'Médio Risco'
13355,117,1,674.7,3,1,3,cluster4,'Médio Risco'
12384,24,2,585.27,4,2,2,cluster4,'Baixo Risco'
12571,35,2,519.61,4,2,2,cluster4,'Baixo Risco'
14116,15,5,1382.74,5,4,4,cluster1,'Muito Baixo Risco'
17653,32,4,1207.56,4,3,3,cluster5,'Baixo Risco'
13645,115,1,252.1,3,1,1,cluster4,'Alto Risco'
12381,28,4,1698.3,4,3,4,cluster5,'Baixo Risco'
14406,114,1,156.75,3,1,1,cluster4,'Alto Risco'
14658,112,1,123.14,3,1,1,cluster4,'Alto Risco'
13621,112,1,213.85,3,1,1,cluster4,'Alto Risco'
16272,112,1,411.7,3,1,2,cluster4,'Médio Risco'
16902,111,1,1706.88,3,1,4,cluster4,'Médio Risco'
15706,59,4,1060.56,4,3,3,cluster5,'Baixo Risco'
15315,60,2,570.5,3,2,2,cluster4,'Médio Risco'
15653,88,2,877.44,3,2,3,cluster4,'Médio Risco'
13159,4,4,1437.85,5,3,4,cluster5,'Muito Baixo Risco'
13189,14,2,260.68,5,2,1,cluster4,'Baixo Risco'
17637,27,2,547.06,4,2,2,cluster4,'Baixo Risco'
12641,110,1,185.9,3,1,1,cluster4,'Alto Risco'
13470,94,2,165,3,2,1,cluster4,'Médio Risco'
15541,109,1,85.13,3,1,1,cluster4,'Alto Risco'
16734,47,3,650.51,4,3,3,cluster5,'Baixo Risco'
16706,32,3,531.35,4,3,2,cluster5,'Baixo Risco'
12688,109,1,4873.81,3,1,5,cluster4,'Médio Risco'
12729,109,1,453.01,3,1,2,cluster4,'Médio Risco'
12962,2,2,266.39,5,2,1,cluster4,'Baixo Risco'
13273,108,1,138.98,3,1,1,cluster4,'Alto Risco'
17736,4,3,377.44,5,3,2,cluster5,'Baixo Risco'
15472,108,1,371.56,3,1,2,cluster4,'Médio Risco'
12680,69,3,613.36,3,3,3,cluster5,'Médio Risco'
16582,108,1,313.62,3,1,2,cluster4,'Médio Risco'
17747,108,1,71.4,3,1,1,cluster4,'Alto Risco'
12513,108,1,612.29,3,1,2,cluster4,'Médio Risco'
16828,88,2,128.5,3,2,1,cluster4,'Médio Risco'
14772,107,1,139.26,3,1,1,cluster4,'Alto Risco'
12364,3,4,1313.1,5,3,4,cluster5,'Muito Baixo Risco'
12968,107,1,135.95,3,1,1,cluster4,'Alto Risco'
15701,63,3,1223.2,3,3,3,cluster5,'Médio Risco'
12518,24,4,1717.75,4,3,4,cluster5,'Baixo Risco'
14529,55,3,620.04,4,3,3,cluster5,'Baixo Risco'
16536,105,1,548.97,3,1,2,cluster4,'Médio Risco'
15313,105,1,52,3,1,1,cluster4,'Alto Risco'
15801,41,3,1063.95,4,3,3,cluster5,'Baixo Risco'
14387,28,3,1770.56,4,3,4,cluster5,'Baixo Risco'
17073,13,4,1446.09,5,3,4,cluster5,'Muito Baixo Risco'
18147,41,2,179.34,4,2,1,cluster4,'Médio Risco'
14523,104,1,241.09,3,1,1,cluster4,'Alto Risco'
14418,20,2,1039.9,4,2,3,cluster4,'Baixo Risco'
12642,20,3,1013.26,4,3,3,cluster5,'Baixo Risco'
16968,103,1,253.31,3,1,1,cluster4,'Alto Risco'
13411,102,1,213.55,3,1,1,cluster4,'Alto Risco'
13236,20,2,744.85,4,2,3,cluster4,'Baixo Risco'
14196,102,1,335.52,3,1,2,cluster4,'Médio Risco'
15263,102,1,156.51,3,1,1,cluster4,'Alto Risco'
16093,102,1,17,3,1,1,cluster4,'Alto Risco'
17844,102,1,51.56,3,1,1,cluster4,'Alto Risco'
14050,27,2,746.36,4,2,3,cluster4,'Baixo Risco'
16429,101,1,284.55,3,1,1,cluster4,'Alto Risco'
12715,101,1,353.86,3,1,2,cluster4,'Médio Risco'
15663,101,1,138.14,3,1,1,cluster4,'Alto Risco'
18200,101,1,163.8,3,1,1,cluster4,'Alto Risco'
18167,18,3,1384.86,5,3,4,cluster5,'Muito Baixo Risco'
13644,11,4,2624.26,5,3,4,cluster5,'Muito Baixo Risco'
17451,11,6,1427.22,5,4,4,cluster1,'Muito Baixo Risco'
13812,37,3,539,4,3,2,cluster5,'Baixo Risco'
14141,55,3,688.78,4,3,3,cluster5,'Baixo Risco'
17183,3,6,3347.31,5,4,5,cluster1,'Muito Baixo Risco'
14096,6,16,56228.81,5,5,5,cluster1,'Muito Baixo Risco'
12814,97,1,125.92,3,1,1,cluster4,'Alto Risco'
15866,96,1,230.53,3,1,1,cluster4,'Alto Risco'
14660,82,2,285.74,3,2,2,cluster4,'Médio Risco'
13726,34,2,1079.66,4,2,3,cluster4,'Baixo Risco'
15690,96,1,111,3,1,1,cluster4,'Alto Risco'
17777,20,3,665.86,4,3,3,cluster5,'Baixo Risco'
12436,95,1,509.01,3,1,2,cluster4,'Médio Risco'
13147,5,4,712.8,5,3,3,cluster5,'Baixo Risco'
13099,94,1,207.36,3,1,1,cluster4,'Alto Risco'
18027,94,1,115.31,3,1,1,cluster4,'Alto Risco'
12794,48,2,860.41,4,2,3,cluster4,'Baixo Risco'
12832,27,2,383.03,4,2,2,cluster4,'Baixo Risco'
16674,50,2,319.61,4,2,2,cluster4,'Baixo Risco'
12375,6,2,457.5,5,2,2,cluster4,'Baixo Risco'
16173,11,6,1418.32,5,4,4,cluster1,'Muito Baixo Risco'
16761,92,1,316.62,3,1,2,cluster4,'Médio Risco'
14067,59,2,374.7,4,2,2,cluster4,'Baixo Risco'
13808,1,5,1747.66,5,4,4,cluster1,'Muito Baixo Risco'
14335,11,2,468.26,5,2,2,cluster4,'Baixo Risco'
14965,91,2,599,3,2,2,cluster4,'Médio Risco'
15136,17,2,1029.8,5,2,3,cluster4,'Baixo Risco'
16629,69,2,417.73,3,2,2,cluster4,'Médio Risco'
18261,38,2,324.24,4,2,2,cluster4,'Baixo Risco'
15307,91,1,205.3,3,1,1,cluster4,'Alto Risco'
16820,91,1,497.61,3,1,2,cluster4,'Médio Risco'
13949,20,5,1909.09,4,4,4,cluster1,'Muito Baixo Risco'
14360,27,4,2128.23,4,3,4,cluster5,'Baixo Risco'
12526,49,2,1039.58,4,2,3,cluster4,'Baixo Risco'
13130,89,1,64,3,1,1,cluster4,'Alto Risco'
13210,89,1,353.48,3,1,2,cluster4,'Médio Risco'
17481,11,3,1083.19,5,3,3,cluster5,'Baixo Risco'
12685,23,6,2863.08,4,4,4,cluster1,'Muito Baixo Risco'
17573,25,3,380.6,4,3,2,cluster5,'Baixo Risco'
18222,88,1,443,3,1,2,cluster4,'Médio Risco'
13244,88,1,121.74,3,1,1,cluster4,'Alto Risco'
12879,40,3,573.22,4,3,2,cluster5,'Baixo Risco'
16603,70,2,482.47,3,2,2,cluster4,'Médio Risco'
16910,4,7,1323.26,5,4,4,cluster1,'Muito Baixo Risco'
15035,85,1,252.73,3,1,1,cluster4,'Alto Risco'
13272,26,2,276.56,4,2,1,cluster4,'Médio Risco'
17317,41,3,2600.34,4,3,4,cluster5,'Baixo Risco'
13372,85,1,378.64,3,1,2,cluster4,'Médio Risco'
14250,2,3,1904.05,5,3,4,cluster5,'Muito Baixo Risco'
16796,84,1,305.62,3,1,2,cluster4,'Médio Risco'
14432,5,6,2255.51,5,4,4,cluster1,'Muito Baixo Risco'
12883,20,4,703.47,4,3,3,cluster5,'Baixo Risco'
12965,84,1,771.91,3,1,3,cluster4,'Médio Risco'
15533,14,3,807.57,5,3,3,cluster5,'Baixo Risco'
18158,4,2,453.4,5,2,2,cluster4,'Baixo Risco'
12884,84,1,309.05,3,1,2,cluster4,'Médio Risco'
16360,15,5,2748.19,5,4,4,cluster1,'Muito Baixo Risco'
13704,17,8,2143.38,5,4,4,cluster1,'Muito Baixo Risco'
14359,14,3,912.18,5,3,3,cluster5,'Baixo Risco'
12940,50,2,913.54,4,2,3,cluster4,'Baixo Risco'
15522,28,2,398.84,4,2,2,cluster4,'Baixo Risco'
17037,83,1,1267.32,3,1,4,cluster4,'Médio Risco'
12822,66,2,948.88,3,2,3,cluster4,'Médio Risco'
15343,82,1,364.5,3,1,2,cluster4,'Médio Risco'
16959,82,1,117.35,3,1,1,cluster4,'Alto Risco'
12895,37,2,372.8,4,2,2,cluster4,'Baixo Risco'
13860,9,4,926.45,5,3,3,cluster5,'Baixo Risco'
12756,82,1,112.08,3,1,1,cluster4,'Alto Risco'
15933,17,3,1107.46,5,3,3,cluster5,'Baixo Risco'
17347,82,1,228.96,3,1,1,cluster4,'Alto Risco'
15103,26,2,703.36,4,2,3,cluster4,'Baixo Risco'
15707,30,4,945.58,4,3,3,cluster5,'Baixo Risco'
13430,14,2,679.45,5,2,3,cluster4,'Baixo Risco'
12566,81,1,351.65,3,1,2,cluster4,'Médio Risco'
13321,67,2,567.36,3,2,2,cluster4,'Médio Risco'
17333,81,1,494.25,3,1,2,cluster4,'Médio Risco'
13518,81,1,659.44,3,1,3,cluster4,'Médio Risco'
16160,60,2,1025.44,3,2,3,cluster4,'Médio Risco'
17434,4,6,2052.48,5,4,4,cluster1,'Muito Baixo Risco'
15511,7,5,909.23,5,4,3,cluster1,'Muito Baixo Risco'
17846,80,1,2033.1,3,1,4,cluster4,'Médio Risco'
16189,11,2,215.48,5,2,1,cluster4,'Baixo Risco'
15417,80,1,508.8,3,1,2,cluster4,'Médio Risco'
12995,80,1,211.32,3,1,1,cluster4,'Alto Risco'
14557,80,1,788.38,3,1,3,cluster4,'Médio Risco'
17144,80,1,595.89,3,1,2,cluster4,'Médio Risco'
16924,17,3,846.75,5,3,3,cluster5,'Baixo Risco'
15099,80,1,410.48,3,1,2,cluster4,'Médio Risco'
13323,3,4,513.05,5,3,2,cluster5,'Baixo Risco'
14124,79,1,419.58,3,1,2,cluster4,'Médio Risco'
15975,79,1,371.01,3,1,2,cluster4,'Médio Risco'
16878,79,1,13.3,3,1,1,cluster4,'Alto Risco'
15947,78,1,1708.24,3,1,4,cluster4,'Médio Risco'
13247,13,4,501.12,5,3,2,cluster5,'Baixo Risco'
16689,71,2,422.6,3,2,2,cluster4,'Médio Risco'
16438,1,5,798.35,5,4,3,cluster1,'Muito Baixo Risco'
16460,23,3,814.72,4,3,3,cluster5,'Baixo Risco'
13325,77,1,675.3,3,1,3,cluster4,'Médio Risco'
12640,19,3,1174.58,5,3,3,cluster5,'Baixo Risco'
13774,77,1,345,3,1,2,cluster4,'Médio Risco'
12752,76,1,4366.78,3,1,5,cluster4,'Médio Risco'
15500,3,4,1131.56,5,3,3,cluster5,'Baixo Risco'
13228,76,1,358,3,1,2,cluster4,'Médio Risco'
14356,75,2,701.23,3,2,3,cluster4,'Médio Risco'
17628,76,1,75.75,3,1,1,cluster4,'Alto Risco'
16215,76,1,242.35,3,1,1,cluster4,'Alto Risco'
14164,66,2,1631.77,3,2,4,cluster4,'Médio Risco'
17564,19,3,454.01,5,3,2,cluster5,'Baixo Risco'
13356,75,1,768.24,3,1,3,cluster4,'Médio Risco'
12390,75,1,549.84,3,1,2,cluster4,'Médio Risco'
18228,52,2,779.9,4,2,3,cluster4,'Baixo Risco'
17415,75,1,507.84,3,1,2,cluster4,'Médio Risco'
13350,11,2,979.12,5,2,3,cluster4,'Baixo Risco'
12550,74,1,964.83,3,1,3,cluster4,'Médio Risco'
16627,74,1,322.8,3,1,2,cluster4,'Médio Risco'
17475,74,1,194.37,3,1,1,cluster4,'Alto Risco'
14951,74,1,311.69,3,1,2,cluster4,'Médio Risco'
14780,50,2,447.68,4,2,2,cluster4,'Baixo Risco'
14887,74,1,1862,3,1,4,cluster4,'Médio Risco'
15399,17,2,549.13,5,2,2,cluster4,'Baixo Risco'
17466,6,2,763.28,5,2,3,cluster4,'Baixo Risco'
16379,13,3,1755.76,5,3,4,cluster5,'Muito Baixo Risco'
15239,5,2,780.59,5,2,3,cluster4,'Baixo Risco'
16213,74,1,159,3,1,1,cluster4,'Alto Risco'
14261,46,2,1163.45,4,2,3,cluster4,'Baixo Risco'
12657,6,4,1643.18,5,3,4,cluster5,'Muito Baixo Risco'
12936,12,4,1063.9,5,3,3,cluster5,'Baixo Risco'
16236,73,1,432.2,3,1,2,cluster4,'Médio Risco'
16669,19,3,1374.87,5,3,4,cluster5,'Muito Baixo Risco'
15398,11,2,1345.53,5,2,4,cluster4,'Baixo Risco'
12906,7,5,2919.81,5,4,4,cluster1,'Muito Baixo Risco'
17079,73,1,118.8,3,1,1,cluster4,'Alto Risco'
14125,6,3,2740.43,5,3,4,cluster5,'Muito Baixo Risco'
12952,1,4,1387.79,5,3,4,cluster5,'Muito Baixo Risco'
12579,73,1,440.42,3,1,2,cluster4,'Médio Risco'
13279,73,1,137.75,3,1,1,cluster4,'Alto Risco'
12546,42,2,1161.5,4,2,3,cluster4,'Baixo Risco'
15744,73,1,34.8,3,1,1,cluster4,'Alto Risco'
13127,73,1,259.17,3,1,1,cluster4,'Alto Risco'
15763,27,2,1086.92,4,2,3,cluster4,'Baixo Risco'
15075,73,1,773.03,3,1,3,cluster4,'Médio Risco'
16240,19,2,3718.8,5,2,5,cluster4,'Muito Baixo Risco'
13336,72,1,795.12,3,1,3,cluster4,'Médio Risco'
14652,72,1,114.18,3,1,1,cluster4,'Alto Risco'
15762,60,2,583.75,3,2,2,cluster4,'Médio Risco'
15475,72,1,454.11,3,1,2,cluster4,'Médio Risco'
12488,5,3,1298.66,5,3,4,cluster5,'Muito Baixo Risco'
16169,3,4,1822.97,5,3,4,cluster5,'Muito Baixo Risco'
17506,71,1,302.2,3,1,2,cluster4,'Médio Risco'
16480,71,1,769.29,3,1,3,cluster4,'Médio Risco'
17498,71,1,272.22,3,1,1,cluster4,'Alto Risco'
17131,1,5,2463.17,5,4,4,cluster1,'Muito Baixo Risco'
13536,1,6,3098.94,5,4,5,cluster1,'Muito Baixo Risco'
17154,70,1,329.34,3,1,2,cluster4,'Médio Risco'
15429,22,2,397.35,4,2,2,cluster4,'Baixo Risco'
16594,70,1,181.09,3,1,1,cluster4,'Alto Risco'
14757,70,1,420.5,3,1,2,cluster4,'Médio Risco'
13670,70,1,349.7,3,1,2,cluster4,'Médio Risco'
12783,28,5,1825.33,4,4,4,cluster1,'Muito Baixo Risco'
13429,6,4,1006.8,5,3,3,cluster5,'Baixo Risco'
13390,70,1,544.08,3,1,2,cluster4,'Médio Risco'
18205,31,2,517.36,4,2,2,cluster4,'Baixo Risco'
15492,23,2,659.46,4,2,3,cluster4,'Baixo Risco'
15344,27,2,460.64,4,2,2,cluster4,'Baixo Risco'
13866,69,1,145.67,3,1,1,cluster4,'Alto Risco'
12612,69,1,704.04,3,1,3,cluster4,'Médio Risco'
16999,18,2,484.82,5,2,2,cluster4,'Baixo Risco'
13314,59,2,589.47,4,2,2,cluster4,'Baixo Risco'
16181,68,1,305.54,3,1,2,cluster4,'Médio Risco'
15568,40,2,422.52,4,2,2,cluster4,'Baixo Risco'
14109,68,1,144.2,3,1,1,cluster4,'Alto Risco'
16157,11,3,656.69,5,3,3,cluster5,'Baixo Risco'
15348,67,1,158.04,3,1,1,cluster4,'Alto Risco'
13924,13,5,1536.45,5,4,4,cluster1,'Muito Baixo Risco'
14434,17,6,1372.8,5,4,4,cluster1,'Muito Baixo Risco'
13061,67,1,248.61,3,1,1,cluster4,'Alto Risco'
16909,67,1,379.14,3,1,2,cluster4,'Médio Risco'
18192,67,1,957.97,3,1,3,cluster4,'Médio Risco'
17447,35,2,541.53,4,2,2,cluster4,'Baixo Risco'
17427,67,1,100.8,3,1,1,cluster4,'Alto Risco'
15175,67,1,224.14,3,1,1,cluster4,'Alto Risco'
13960,16,2,230.22,5,2,1,cluster4,'Baixo Risco'
17528,13,7,3428,5,4,5,cluster1,'Muito Baixo Risco'
16361,5,4,896.66,5,3,3,cluster5,'Baixo Risco'
13886,66,1,243.56,3,1,1,cluster4,'Alto Risco'
13354,66,1,743.53,3,1,3,cluster4,'Médio Risco'
16653,11,2,1212.66,5,2,3,cluster4,'Baixo Risco'
13759,28,2,659.41,4,2,3,cluster4,'Baixo Risco'
17813,9,5,1770.88,5,4,4,cluster1,'Muito Baixo Risco'
12718,66,1,238.25,3,1,1,cluster4,'Alto Risco'
15949,12,2,364.72,5,2,2,cluster4,'Baixo Risco'
13364,66,1,134.96,3,1,1,cluster4,'Alto Risco'
16268,66,2,667.65,3,2,3,cluster4,'Médio Risco'
15565,45,2,173.16,4,2,1,cluster4,'Médio Risco'
13954,66,1,227.41,3,1,1,cluster4,'Alto Risco'
15593,66,1,199.8,3,1,1,cluster4,'Alto Risco'
13095,66,1,74.4,3,1,1,cluster4,'Alto Risco'
13347,65,1,341.36,3,1,2,cluster4,'Médio Risco'
15185,65,1,310.62,3,1,2,cluster4,'Médio Risco'
16404,65,1,443.05,3,1,2,cluster4,'Médio Risco'
16613,65,1,618.59,3,1,3,cluster4,'Médio Risco'
16591,64,1,213.5,3,1,1,cluster4,'Alto Risco'
13558,1,4,605.06,5,3,2,cluster5,'Baixo Risco'
16930,21,3,380.55,4,3,2,cluster5,'Baixo Risco'
16533,15,3,1095.56,5,3,3,cluster5,'Baixo Risco'
18059,18,3,306.46,5,3,2,cluster5,'Baixo Risco'
14488,63,1,1064.28,3,1,3,cluster4,'Médio Risco'
16747,33,2,836.06,4,2,3,cluster4,'Baixo Risco'
14333,63,1,415.2,3,1,2,cluster4,'Médio Risco'
14815,32,2,778.5,4,2,3,cluster4,'Baixo Risco'
15088,17,2,1160.07,5,2,3,cluster4,'Baixo Risco'
15930,62,1,426.63,3,1,2,cluster4,'Médio Risco'
13801,62,1,324.8,3,1,2,cluster4,'Médio Risco'
16881,62,1,432,3,1,2,cluster4,'Médio Risco'
17014,3,3,586.33,5,3,2,cluster5,'Baixo Risco'
14184,62,1,452.89,3,1,2,cluster4,'Médio Risco'
13351,62,1,373.94,3,1,2,cluster4,'Médio Risco'
15739,61,1,449.12,3,1,2,cluster4,'Médio Risco'
12512,61,2,138.03,3,2,1,cluster4,'Médio Risco'
17957,61,1,111.68,3,1,1,cluster4,'Alto Risco'
16106,61,1,108.38,3,1,1,cluster4,'Alto Risco'
13483,61,1,140.34,3,1,1,cluster4,'Alto Risco'
16478,20,3,331,4,3,2,cluster5,'Baixo Risco'
16020,12,3,851.01,5,3,3,cluster5,'Baixo Risco'
16803,60,1,332.3,3,1,2,cluster4,'Médio Risco'
13947,60,1,90.6,3,1,1,cluster4,'Alto Risco'
16758,60,1,369.34,3,1,2,cluster4,'Médio Risco'
12719,60,1,283.6,3,1,1,cluster4,'Alto Risco'
14054,60,1,92.46,3,1,1,cluster4,'Alto Risco'
12723,11,4,647.79,5,3,3,cluster5,'Baixo Risco'
18033,60,1,97.97,3,1,1,cluster4,'Alto Risco'
13845,60,1,312.98,3,1,2,cluster4,'Médio Risco'
12628,28,2,571.21,4,2,2,cluster4,'Baixo Risco'
14317,60,1,508.58,3,1,2,cluster4,'Médio Risco'
16295,5,4,1328.55,5,3,4,cluster5,'Muito Baixo Risco'
17295,24,3,556.95,4,3,2,cluster5,'Baixo Risco'
13504,59,1,295.93,4,1,2,cluster4,'Médio Risco'
13422,59,1,2626.3,4,1,4,cluster4,'Baixo Risco'
16432,59,1,287.4,4,1,2,cluster4,'Médio Risco'
13816,19,2,571.67,5,2,2,cluster4,'Baixo Risco'
14518,59,1,174.37,4,1,1,cluster4,'Médio Risco'
13882,7,4,998.05,5,3,3,cluster5,'Baixo Risco'
15937,59,1,145.35,4,1,1,cluster4,'Médio Risco'
17453,13,2,486.72,5,2,2,cluster4,'Baixo Risco'
15300,59,1,496.44,4,1,2,cluster4,'Médio Risco'
13348,59,1,233.76,4,1,1,cluster4,'Médio Risco'
14592,30,3,570.46,4,3,2,cluster5,'Baixo Risco'
17030,59,1,146.87,4,1,1,cluster4,'Médio Risco'
12420,59,1,600.39,4,1,2,cluster4,'Médio Risco'
14792,59,1,6.2,4,1,1,cluster4,'Médio Risco'
14138,59,1,638.21,4,1,3,cluster4,'Médio Risco'
15297,5,3,641.94,5,3,3,cluster5,'Baixo Risco'
13876,59,1,122.7,4,1,1,cluster4,'Médio Risco'
12740,59,1,427.6,4,1,2,cluster4,'Médio Risco'
17086,2,6,2050.08,5,4,4,cluster1,'Muito Baixo Risco'
13806,59,1,256.38,4,1,1,cluster4,'Médio Risco'
12856,3,6,2179.93,5,4,4,cluster1,'Muito Baixo Risco'
13419,59,1,221.06,4,1,1,cluster4,'Médio Risco'
17509,53,8,6115.14,4,4,5,cluster1,'Muito Baixo Risco'
16900,12,3,887.11,5,3,3,cluster5,'Baixo Risco'
13755,4,8,2004.45,5,4,4,cluster1,'Muito Baixo Risco'
16248,57,1,152.94,4,1,1,cluster4,'Médio Risco'
15612,31,2,195.15,4,2,1,cluster4,'Médio Risco'
15787,21,3,948.05,4,3,3,cluster5,'Baixo Risco'
13260,56,1,557.62,4,1,2,cluster4,'Médio Risco'
15821,39,2,570.96,4,2,2,cluster4,'Baixo Risco'
18088,56,1,167.67,4,1,1,cluster4,'Médio Risco'
16685,56,2,324.24,4,2,2,cluster4,'Baixo Risco'
13193,56,1,117.88,4,1,1,cluster4,'Médio Risco'
13212,15,3,788.08,5,3,3,cluster5,'Baixo Risco'
14801,56,1,193.14,4,1,1,cluster4,'Médio Risco'
16380,56,1,1780.59,4,1,4,cluster4,'Baixo Risco'
15193,56,1,499.32,4,1,2,cluster4,'Médio Risco'
14027,56,1,104.82,4,1,1,cluster4,'Médio Risco'
16179,56,1,215.83,4,1,1,cluster4,'Médio Risco'
17425,14,2,759.17,5,2,3,cluster4,'Baixo Risco'
18169,56,1,202.65,4,1,1,cluster4,'Médio Risco'
18126,56,1,206.83,4,1,1,cluster4,'Médio Risco'
16688,5,3,1115.16,5,3,3,cluster5,'Baixo Risco'
16982,56,1,384.06,4,1,2,cluster4,'Médio Risco'
15330,27,2,714.96,4,2,3,cluster4,'Baixo Risco'
17186,42,2,144,4,2,1,cluster4,'Médio Risco'
13685,41,3,1934.45,4,3,4,cluster5,'Baixo Risco'
13352,55,1,397.98,4,1,2,cluster4,'Médio Risco'
15553,55,1,437.23,4,1,2,cluster4,'Médio Risco'
12607,55,1,1579.51,4,1,4,cluster4,'Baixo Risco'
17459,38,2,657.3,4,2,3,cluster4,'Baixo Risco'
12772,55,1,892.47,4,1,3,cluster4,'Médio Risco'
16561,1,2,511.12,5,2,2,cluster4,'Baixo Risco'
14121,5,3,2008.99,5,3,4,cluster5,'Muito Baixo Risco'
17119,55,1,547.25,4,1,2,cluster4,'Médio Risco'
17620,55,1,81.44,4,1,1,cluster4,'Médio Risco'
12824,55,1,397.12,4,1,2,cluster4,'Médio Risco'
16171,54,1,73.2,4,1,1,cluster4,'Médio Risco'
12536,38,3,12601.83,4,3,5,cluster5,'Baixo Risco'
13690,54,1,172.25,4,1,1,cluster4,'Médio Risco'
14642,54,1,96.12,4,1,1,cluster4,'Médio Risco'
12602,54,1,153.12,4,1,1,cluster4,'Médio Risco'
16753,54,1,223.92,4,1,1,cluster4,'Médio Risco'
17737,4,2,168.24,5,2,1,cluster4,'Baixo Risco'
12667,53,1,620.13,4,1,3,cluster4,'Médio Risco'
12498,17,3,403.7,5,3,2,cluster5,'Baixo Risco'
17279,53,1,187.83,4,1,1,cluster4,'Médio Risco'
14251,6,4,2397.42,5,3,4,cluster5,'Muito Baixo Risco'
12446,53,1,1002.31,4,1,3,cluster4,'Médio Risco'
14234,17,4,775.46,5,3,3,cluster5,'Baixo Risco'
13853,52,1,1090.14,4,1,3,cluster4,'Médio Risco'
16793,52,1,243.84,4,1,1,cluster4,'Médio Risco'
18130,10,3,1059.39,5,3,3,cluster5,'Baixo Risco'
17614,52,1,390.07,4,1,2,cluster4,'Médio Risco'
13858,52,1,216.17,4,1,1,cluster4,'Médio Risco'
14856,31,3,1311.38,4,3,4,cluster5,'Baixo Risco'
14089,52,1,161,4,1,1,cluster4,'Médio Risco'
13810,24,3,1499.01,4,3,4,cluster5,'Baixo Risco'
13006,51,1,81.57,4,1,1,cluster4,'Médio Risco'
17986,51,1,20.8,4,1,1,cluster4,'Médio Risco'
14910,20,3,323.55,4,3,2,cluster5,'Baixo Risco'
16243,29,2,409.1,4,2,2,cluster4,'Baixo Risco'
14547,7,6,3528.04,5,4,5,cluster1,'Muito Baixo Risco'
16052,49,1,362.06,4,1,2,cluster4,'Médio Risco'
15113,5,3,3609.33,5,3,5,cluster5,'Muito Baixo Risco'
17520,49,1,546.81,4,1,2,cluster4,'Médio Risco'
13923,49,1,351.13,4,1,2,cluster4,'Médio Risco'
15335,49,1,173.97,4,1,1,cluster4,'Médio Risco'
17206,48,1,204.24,4,1,1,cluster4,'Médio Risco'
15066,48,1,893.59,4,1,3,cluster4,'Médio Risco'
16363,48,1,109.36,4,1,1,cluster4,'Médio Risco'
14830,48,1,197.13,4,1,1,cluster4,'Médio Risco'
15355,24,2,277.05,4,2,1,cluster4,'Médio Risco'
14015,48,1,917.34,4,1,3,cluster4,'Médio Risco'
15327,48,1,208.75,4,1,1,cluster4,'Médio Risco'
14554,5,4,2381.04,5,3,4,cluster5,'Muito Baixo Risco'
12611,48,1,1193.32,4,1,3,cluster4,'Médio Risco'
14179,36,2,719.78,4,2,3,cluster4,'Baixo Risco'
15604,47,1,216.39,4,1,1,cluster4,'Médio Risco'
12572,4,2,1020.42,5,2,3,cluster4,'Baixo Risco'
16123,47,1,307.78,4,1,2,cluster4,'Médio Risco'
16851,38,2,239.46,4,2,1,cluster4,'Médio Risco'
17148,47,1,124.88,4,1,1,cluster4,'Médio Risco'
17549,19,2,148.86,5,2,1,cluster4,'Baixo Risco'
17973,47,1,337.04,4,1,2,cluster4,'Médio Risco'
15610,47,1,112.46,4,1,1,cluster4,'Médio Risco'
15853,47,1,110.8,4,1,1,cluster4,'Médio Risco'
18019,47,1,38.45,4,1,1,cluster4,'Médio Risco'
14698,11,4,1093.6,5,3,3,cluster5,'Baixo Risco'
16826,46,1,341.7,4,1,2,cluster4,'Médio Risco'
17824,46,1,298.4,4,1,2,cluster4,'Médio Risco'
12522,34,2,192.72,4,2,1,cluster4,'Médio Risco'
16260,46,1,1035.45,4,1,3,cluster4,'Médio Risco'
14638,46,1,443.6,4,1,2,cluster4,'Médio Risco'
14923,46,1,749.1,4,1,3,cluster4,'Médio Risco'
13366,45,1,56.16,4,1,1,cluster4,'Médio Risco'
17125,45,1,259.35,4,1,1,cluster4,'Médio Risco'
15836,45,1,137.37,4,1,1,cluster4,'Médio Risco'
16313,45,1,167.62,4,1,1,cluster4,'Médio Risco'
13460,24,2,183.44,4,2,1,cluster4,'Médio Risco'
15286,45,1,240.55,4,1,1,cluster4,'Médio Risco'
17832,45,1,155.37,4,1,1,cluster4,'Médio Risco'
12646,45,1,731.69,4,1,3,cluster4,'Médio Risco'
16015,22,2,502.29,4,2,2,cluster4,'Baixo Risco'
16311,13,2,616.26,5,2,3,cluster4,'Baixo Risco'
15740,44,1,154.88,4,1,1,cluster4,'Médio Risco'
15000,43,1,490.52,4,1,2,cluster4,'Médio Risco'
13471,1,3,2439.34,5,3,4,cluster5,'Muito Baixo Risco'
18005,42,1,139.97,4,1,1,cluster4,'Médio Risco'
15427,28,3,1483.14,4,3,4,cluster5,'Baixo Risco'
17836,42,1,110.21,4,1,1,cluster4,'Médio Risco'
14629,42,1,604.83,4,1,2,cluster4,'Médio Risco'
15592,42,1,388.58,4,1,2,cluster4,'Médio Risco'
15516,40,3,62.43,4,3,1,cluster5,'Baixo Risco'
14764,42,1,278.3,4,1,1,cluster4,'Médio Risco'
18240,42,1,422.58,4,1,2,cluster4,'Médio Risco'
15844,41,1,130.74,4,1,1,cluster4,'Médio Risco'
13176,41,1,492.84,4,1,2,cluster4,'Médio Risco'
12398,41,1,1635.66,4,1,4,cluster4,'Baixo Risco'
15345,41,1,393.54,4,1,2,cluster4,'Médio Risco'
16708,41,1,656.63,4,1,3,cluster4,'Médio Risco'
15963,15,2,470.76,5,2,2,cluster4,'Baixo Risco'
18045,41,1,189.4,4,1,1,cluster4,'Médio Risco'
13182,40,1,121.18,4,1,1,cluster4,'Médio Risco'
13028,18,2,661.32,5,2,3,cluster4,'Baixo Risco'
13978,10,2,196.79,5,2,1,cluster4,'Baixo Risco'
16056,40,1,664.85,4,1,3,cluster4,'Médio Risco'
12812,40,1,229.64,4,1,1,cluster4,'Médio Risco'
14539,11,2,537.48,5,2,2,cluster4,'Baixo Risco'
17712,40,1,522.91,4,1,2,cluster4,'Médio Risco'
14102,7,4,1241.78,5,3,4,cluster5,'Muito Baixo Risco'
15320,39,1,267.13,4,1,1,cluster4,'Médio Risco'
12448,39,1,449.45,4,1,2,cluster4,'Médio Risco'
12827,1,3,430.15,5,3,2,cluster5,'Baixo Risco'
15993,4,7,2797.57,5,4,4,cluster1,'Muito Baixo Risco'
17895,39,1,98,4,1,1,cluster4,'Médio Risco'
12630,5,2,1270.88,5,2,4,cluster4,'Baixo Risco'
17684,39,1,239.41,4,1,1,cluster4,'Médio Risco'
14752,39,1,389.64,4,1,2,cluster4,'Médio Risco'
14971,30,3,1116.57,4,3,3,cluster5,'Baixo Risco'
16026,38,1,236.09,4,1,1,cluster4,'Médio Risco'
16513,4,3,752.79,5,3,3,cluster5,'Baixo Risco'
12430,38,1,256.4,4,1,1,cluster4,'Médio Risco'
14357,38,1,225.77,4,1,1,cluster4,'Médio Risco'
16855,19,2,328.4,5,2,2,cluster4,'Baixo Risco'
16164,12,3,822.48,5,3,3,cluster5,'Baixo Risco'
14218,38,1,169.48,4,1,1,cluster4,'Médio Risco'
15096,38,1,219.39,4,1,1,cluster4,'Médio Risco'
18030,37,1,121.1,4,1,1,cluster4,'Médio Risco'
14416,17,2,490.22,5,2,2,cluster4,'Baixo Risco'
17839,37,1,338.8,4,1,2,cluster4,'Médio Risco'
12912,4,4,1474.38,5,3,4,cluster5,'Muito Baixo Risco'
14582,36,1,114.11,4,1,1,cluster4,'Médio Risco'
16079,12,3,1352,5,3,4,cluster5,'Muito Baixo Risco'
17590,12,2,1158.29,5,2,3,cluster4,'Baixo Risco'
15054,7,2,302.1,5,2,2,cluster4,'Baixo Risco'
14158,35,1,507.66,4,1,2,cluster4,'Médio Risco'
16506,15,2,90.3,5,2,1,cluster4,'Baixo Risco'
13822,1,2,632,5,2,3,cluster4,'Baixo Risco'
18067,35,1,396.33,4,1,2,cluster4,'Médio Risco'
15444,4,2,1418.26,5,2,4,cluster4,'Baixo Risco'
12581,35,1,197.71,4,1,1,cluster4,'Médio Risco'
15360,35,1,427.93,4,1,2,cluster4,'Médio Risco'
15667,35,1,301.32,4,1,2,cluster4,'Médio Risco'
12552,34,2,437.82,4,2,2,cluster4,'Baixo Risco'
15977,12,2,1054.73,5,2,3,cluster4,'Baixo Risco'
13697,34,1,151.3,4,1,1,cluster4,'Médio Risco'
14345,34,1,108.98,4,1,1,cluster4,'Médio Risco'
17503,34,1,340.43,4,1,2,cluster4,'Médio Risco'
12491,34,1,460.4,4,1,2,cluster4,'Médio Risco'
14485,34,1,165.75,4,1,1,cluster4,'Médio Risco'
13868,2,2,3192.54,5,2,5,cluster4,'Muito Baixo Risco'
17668,33,1,161.85,4,1,1,cluster4,'Médio Risco'
16971,33,1,357.21,4,1,2,cluster4,'Médio Risco'
16352,13,2,494.44,5,2,2,cluster4,'Baixo Risco'
15830,33,1,576,4,1,2,cluster4,'Médio Risco'
15275,33,1,615.14,4,1,3,cluster4,'Médio Risco'
16790,11,5,1366.12,5,4,4,cluster1,'Muito Baixo Risco'
15576,33,1,940.67,4,1,3,cluster4,'Médio Risco'
18105,33,1,113.48,4,1,1,cluster4,'Médio Risco'
18164,33,1,399.65,4,1,2,cluster4,'Médio Risco'
14974,33,1,114.39,4,1,1,cluster4,'Médio Risco'
17947,33,1,176.68,4,1,1,cluster4,'Médio Risco'
13318,1,2,489.92,5,2,2,cluster4,'Baixo Risco'
18104,32,1,754.64,4,1,3,cluster4,'Médio Risco'
13271,32,1,217.38,4,1,1,cluster4,'Médio Risco'
17595,7,2,388.79,5,2,2,cluster4,'Baixo Risco'
14528,32,1,364.22,4,1,2,cluster4,'Médio Risco'
16337,32,1,151.05,4,1,1,cluster4,'Médio Risco'
14098,32,1,147.35,4,1,1,cluster4,'Médio Risco'
16322,31,1,213.08,4,1,1,cluster4,'Médio Risco'
16914,31,1,208.46,4,1,1,cluster4,'Médio Risco'
12544,31,1,372.7,4,1,2,cluster4,'Médio Risco'
13914,7,2,626.45,5,2,3,cluster4,'Baixo Risco'
13467,6,2,1083.71,5,2,3,cluster4,'Baixo Risco'
17078,31,2,378.2,4,2,2,cluster4,'Baixo Risco'
13447,18,3,1129.14,5,3,3,cluster5,'Baixo Risco'
15010,31,1,308.94,4,1,2,cluster4,'Médio Risco'
16318,31,1,328.15,4,1,2,cluster4,'Médio Risco'
13938,30,1,71.66,4,1,1,cluster4,'Médio Risco'
15017,29,1,125.58,4,1,1,cluster4,'Médio Risco'
12882,4,2,1463.04,5,2,4,cluster4,'Baixo Risco'
17387,15,2,784.11,5,2,3,cluster4,'Baixo Risco'
13532,29,1,210.31,4,1,1,cluster4,'Médio Risco'
15156,29,1,317.8,4,1,2,cluster4,'Médio Risco'
14174,28,1,134.46,4,1,1,cluster4,'Médio Risco'
13040,4,2,676.99,5,2,3,cluster4,'Baixo Risco'
15883,28,1,143.76,4,1,1,cluster4,'Médio Risco'
14664,15,2,637.89,5,2,3,cluster4,'Baixo Risco'
15526,28,2,148.44,4,2,1,cluster4,'Médio Risco'
17831,28,1,35.4,4,1,1,cluster4,'Médio Risco'
17761,28,1,712.78,4,1,3,cluster4,'Médio Risco'
13673,14,2,396.92,5,2,2,cluster4,'Baixo Risco'
14073,27,1,151.04,4,1,1,cluster4,'Médio Risco'
16070,17,2,852.15,5,2,3,cluster4,'Baixo Risco'
13066,20,2,470.8,4,2,2,cluster4,'Baixo Risco'
14140,27,1,540.99,4,1,2,cluster4,'Médio Risco'
16505,27,1,777.6,4,1,3,cluster4,'Médio Risco'
17313,26,1,2328.84,4,1,4,cluster4,'Baixo Risco'
18216,26,1,481.75,4,1,2,cluster4,'Médio Risco'
15153,26,1,329.25,4,1,2,cluster4,'Médio Risco'
16759,3,3,789.79,5,3,3,cluster5,'Baixo Risco'
16751,26,1,1764.72,4,1,4,cluster4,'Baixo Risco'
12893,26,1,188.14,4,1,1,cluster4,'Médio Risco'
14836,5,3,102.45,5,3,1,cluster5,'Baixo Risco'
12532,25,1,349.83,4,1,2,cluster4,'Médio Risco'
16516,25,1,101.7,4,1,1,cluster4,'Médio Risco'
13522,25,1,125.8,4,1,1,cluster4,'Médio Risco'
14354,1,2,163.62,5,2,1,cluster4,'Baixo Risco'
16953,25,1,20.8,4,1,1,cluster4,'Médio Risco'
18274,25,1,175.92,4,1,1,cluster4,'Médio Risco'
15450,25,1,429.84,4,1,2,cluster4,'Médio Risco'
15531,3,2,2007.44,5,2,4,cluster4,'Baixo Risco'
17500,12,3,1138,5,3,3,cluster5,'Baixo Risco'
17197,25,1,1013.01,4,1,3,cluster4,'Médio Risco'
16025,25,1,439.66,4,1,2,cluster4,'Médio Risco'
12659,25,1,91.68,4,1,1,cluster4,'Médio Risco'
17461,18,3,757.46,5,3,3,cluster5,'Baixo Risco'
17791,25,1,106.1,4,1,1,cluster4,'Médio Risco'
15463,25,1,126.14,4,1,1,cluster4,'Médio Risco'
12617,24,1,355.53,4,1,2,cluster4,'Médio Risco'
14863,24,1,266.76,4,1,1,cluster4,'Médio Risco'
12508,21,2,398.27,4,2,2,cluster4,'Baixo Risco'
17502,5,4,689.1,5,3,3,cluster5,'Baixo Risco'
14789,24,1,197.64,4,1,1,cluster4,'Médio Risco'
18209,24,1,139.1,4,1,1,cluster4,'Médio Risco'
12985,24,1,754.38,4,1,3,cluster4,'Médio Risco'
15557,24,1,473.65,4,1,2,cluster4,'Médio Risco'
15692,23,1,191.04,4,1,1,cluster4,'Médio Risco'
17052,23,1,413.75,4,1,2,cluster4,'Médio Risco'
18014,23,1,166.42,4,1,1,cluster4,'Médio Risco'
13732,23,1,491.86,4,1,2,cluster4,'Médio Risco'
14661,22,1,107.95,4,1,1,cluster4,'Médio Risco'
13170,22,1,116.01,4,1,1,cluster4,'Médio Risco'
15654,5,2,922.53,5,2,3,cluster4,'Baixo Risco'
13146,21,1,228.91,4,1,1,cluster4,'Médio Risco'
13603,21,1,164.34,4,1,1,cluster4,'Médio Risco'
12938,21,1,114.14,4,1,1,cluster4,'Médio Risco'
15168,21,1,106.56,4,1,1,cluster4,'Médio Risco'
17538,21,1,98.42,4,1,1,cluster4,'Médio Risco'
18082,21,1,703.37,4,1,3,cluster4,'Médio Risco'
18117,21,1,320.72,4,1,2,cluster4,'Médio Risco'
17566,3,2,901.21,5,2,3,cluster4,'Baixo Risco'
16207,20,1,394.38,4,1,2,cluster4,'Médio Risco'
12762,3,2,1898.52,5,2,4,cluster4,'Baixo Risco'
17793,20,1,323.04,4,1,2,cluster4,'Médio Risco'
16504,20,1,484.38,4,1,2,cluster4,'Médio Risco'
15009,7,3,1261.78,5,3,4,cluster5,'Muito Baixo Risco'
16423,20,1,346.12,4,1,2,cluster4,'Médio Risco'
15419,20,1,135.86,4,1,1,cluster4,'Médio Risco'
15758,20,1,205.25,4,1,1,cluster4,'Médio Risco'
14666,20,1,195.25,4,1,1,cluster4,'Médio Risco'
17153,19,1,213.78,5,1,1,cluster4,'Médio Risco'
12950,3,2,1483,5,2,4,cluster4,'Baixo Risco'
15556,19,1,279.77,5,1,1,cluster4,'Médio Risco'
17357,19,2,388.14,5,2,2,cluster4,'Baixo Risco'
13449,19,1,291.88,5,1,2,cluster4,'Baixo Risco'
14385,4,3,202.11,5,3,1,cluster5,'Baixo Risco'
13926,18,1,223.85,5,1,1,cluster4,'Médio Risco'
17896,18,1,256.32,5,1,1,cluster4,'Médio Risco'
17835,5,2,236.5,5,2,1,cluster4,'Baixo Risco'
15657,18,1,30,5,1,1,cluster4,'Médio Risco'
13160,18,1,91.8,5,1,1,cluster4,'Médio Risco'
17985,17,1,634.95,5,1,3,cluster4,'Baixo Risco'
14362,17,1,161.2,5,1,1,cluster4,'Médio Risco'
13828,17,1,209.49,5,1,1,cluster4,'Médio Risco'
15435,17,1,149.29,5,1,1,cluster4,'Médio Risco'
14641,17,1,110.46,5,1,1,cluster4,'Médio Risco'
12603,17,1,739.2,5,1,3,cluster4,'Baixo Risco'
12618,17,1,177.31,5,1,1,cluster4,'Médio Risco'
15621,6,2,1044.96,5,2,3,cluster4,'Baixo Risco'
17904,17,1,191.67,5,1,1,cluster4,'Médio Risco'
17650,16,1,166.08,5,1,1,cluster4,'Médio Risco'
12702,15,1,219,5,1,1,cluster4,'Médio Risco'
14881,15,1,255.4,5,1,1,cluster4,'Médio Risco'
17523,6,4,652.74,5,3,3,cluster5,'Baixo Risco'
14950,14,1,371.2,5,1,2,cluster4,'Baixo Risco'
14860,14,1,170.32,5,1,1,cluster4,'Médio Risco'
17636,14,1,285.56,5,1,1,cluster4,'Médio Risco'
13142,14,1,307.09,5,1,2,cluster4,'Baixo Risco'
14300,14,1,43.2,5,1,1,cluster4,'Médio Risco'
12658,14,1,686.05,5,1,3,cluster4,'Baixo Risco'
12795,14,1,430.48,5,1,2,cluster4,'Baixo Risco'
15567,14,1,186.01,5,1,1,cluster4,'Médio Risco'
12984,14,1,97.5,5,1,1,cluster4,'Médio Risco'
17253,14,1,178.26,5,1,1,cluster4,'Médio Risco'
18139,13,6,8438.34,5,4,5,cluster1,'Muito Baixo Risco'
15274,13,1,383.99,5,1,2,cluster4,'Baixo Risco'
17010,13,1,195.36,5,1,1,cluster4,'Médio Risco'
17100,13,2,971.74,5,2,3,cluster4,'Baixo Risco'
15699,13,1,309.65,5,1,2,cluster4,'Baixo Risco'
16956,13,1,308.74,5,1,2,cluster4,'Baixo Risco'
17600,13,1,161.67,5,1,1,cluster4,'Médio Risco'
15877,13,1,242.26,5,1,1,cluster4,'Médio Risco'
14424,13,1,322.08,5,1,2,cluster4,'Baixo Risco'
13322,12,1,199.48,5,1,1,cluster4,'Médio Risco'
17297,12,1,131.78,5,1,1,cluster4,'Médio Risco'
13986,12,1,320.46,5,1,2,cluster4,'Baixo Risco'
18249,12,1,95.34,5,1,1,cluster4,'Médio Risco'
16376,4,2,987.01,5,2,3,cluster4,'Baixo Risco'
16811,12,1,314.77,5,1,2,cluster4,'Baixo Risco'
12452,12,2,430.57,5,2,2,cluster4,'Baixo Risco'
13638,11,1,122.64,5,1,1,cluster4,'Médio Risco'
16482,11,1,220.62,5,1,1,cluster4,'Médio Risco'
14785,5,2,77.4,5,2,1,cluster4,'Baixo Risco'
15725,10,1,415.25,5,1,2,cluster4,'Baixo Risco'
17247,10,1,282.19,5,1,1,cluster4,'Médio Risco'
18184,10,1,49.8,5,1,1,cluster4,'Médio Risco'
17727,10,1,1060.25,5,1,3,cluster4,'Baixo Risco'
14703,10,1,318.17,5,1,2,cluster4,'Baixo Risco'
17385,10,1,261.11,5,1,1,cluster4,'Médio Risco'
17232,10,1,208.04,5,1,1,cluster4,'Médio Risco'
13332,9,1,350.9,5,1,2,cluster4,'Baixo Risco'
14946,9,1,100.9,5,1,1,cluster4,'Médio Risco'
13256,9,1,0,5,1,1,cluster4,'Médio Risco'
13596,1,2,697.04,5,2,3,cluster4,'Baixo Risco'
17885,7,1,190.19,5,1,1,cluster4,'Médio Risco'
14093,7,1,442.85,5,1,2,cluster4,'Baixo Risco'
15721,7,1,507.08,5,1,2,cluster4,'Baixo Risco'
13844,6,1,361.62,5,1,2,cluster4,'Baixo Risco'
12660,6,1,245.1,5,1,1,cluster4,'Médio Risco'
12479,6,1,527.2,5,1,2,cluster4,'Baixo Risco'
17379,6,1,404.66,5,1,2,cluster4,'Baixo Risco'
16800,6,1,1201.49,5,1,3,cluster4,'Baixo Risco'
17806,6,1,546.04,5,1,2,cluster4,'Baixo Risco'
13188,6,1,114.6,5,1,1,cluster4,'Médio Risco'
13349,6,1,247.32,5,1,1,cluster4,'Médio Risco'
15619,6,1,336.4,5,1,2,cluster4,'Baixo Risco'
15148,6,1,301.29,5,1,2,cluster4,'Baixo Risco'
14601,6,1,213.96,5,1,1,cluster4,'Médio Risco'
15783,6,1,246.3,5,1,1,cluster4,'Médio Risco'
16479,5,2,300.83,5,2,2,cluster4,'Baixo Risco'
15790,5,1,220.85,5,1,1,cluster4,'Médio Risco'
13521,5,1,287.88,5,1,2,cluster4,'Baixo Risco'
14349,5,1,133.5,5,1,1,cluster4,'Médio Risco'
12966,5,1,160.18,5,1,1,cluster4,'Médio Risco'
15060,3,4,303.09,5,3,2,cluster5,'Baixo Risco'
17911,4,1,366.23,5,1,2,cluster4,'Baixo Risco'
14804,4,1,353.27,5,1,2,cluster4,'Baixo Risco'
15904,3,1,164.68,5,1,1,cluster4,'Médio Risco'
16789,3,1,80.8,5,1,1,cluster4,'Médio Risco'
12558,3,1,269.96,5,1,1,cluster4,'Médio Risco'
17942,3,1,77.5,5,1,1,cluster4,'Médio Risco'
12587,3,1,144,5,1,1,cluster4,'Médio Risco'
13560,3,1,174.37,5,1,1,cluster4,'Médio Risco'
15539,2,1,538.46,5,1,2,cluster4,'Baixo Risco'
13017,2,1,204,5,1,1,cluster4,'Médio Risco'
13153,1,1,486.22,5,1,2,cluster4,'Baixo Risco'
